-- ==========================================
-- COMPLETE MIGRATION SCRIPT FOR NEW SUPABASE
-- TARGET: rllgmuynrrgznccyjqin
-- PRESERVES ALL ORIGINAL UUIDS
-- ==========================================

-- Enable pgcrypto extension
CREATE EXTENSION IF NOT EXISTS pgcrypto WITH SCHEMA public;

-- 1. Create Enums and Types
DO $$
BEGIN
  IF NOT EXISTS (SELECT 1 FROM pg_type WHERE typnamespace = 'public'::regnamespace AND typname = 'app_role') THEN
    CREATE TYPE public.app_role AS ENUM ('admin');
  END IF;
END $$;

-- 2. Create Tables
CREATE TABLE IF NOT EXISTS public.user_roles (
  id uuid PRIMARY KEY DEFAULT gen_random_uuid(),
  user_id uuid NOT NULL,
  email text NOT NULL,
  role public.app_role NOT NULL,
  created_at timestamptz NOT NULL DEFAULT now(),
  CONSTRAINT user_roles_one_role_per_user UNIQUE (user_id, role),
  CONSTRAINT user_roles_admin_email_only CHECK (lower(email) = 'heitor160289@icloud.com')
);

CREATE TABLE IF NOT EXISTS public.categories (
  id uuid PRIMARY KEY DEFAULT gen_random_uuid(),
  slug text NOT NULL UNIQUE,
  name text NOT NULL,
  description text NOT NULL DEFAULT '',
  active boolean NOT NULL DEFAULT true,
  sort_order int NOT NULL DEFAULT 0,
  created_at timestamptz NOT NULL DEFAULT now(),
  updated_at timestamptz NOT NULL DEFAULT now()
);

CREATE TABLE IF NOT EXISTS public.brands (
  id uuid PRIMARY KEY DEFAULT gen_random_uuid(),
  name text NOT NULL,
  logo_url text,
  sort_order int NOT NULL DEFAULT 0,
  created_at timestamptz NOT NULL DEFAULT now(),
  updated_at timestamptz NOT NULL DEFAULT now()
);

CREATE TABLE IF NOT EXISTS public.products (
  id uuid PRIMARY KEY DEFAULT gen_random_uuid(),
  slug text NOT NULL UNIQUE,
  name text NOT NULL,
  code text NOT NULL DEFAULT '',
  category_id uuid REFERENCES public.categories(id) ON DELETE SET NULL,
  short_description text NOT NULL DEFAULT '',
  description text NOT NULL DEFAULT '',
  image text NOT NULL DEFAULT '',
  applications text[] NOT NULL DEFAULT '{}',
  purposes text[] NOT NULL DEFAULT '{}',
  sizes text[] NOT NULL DEFAULT '{}',
  thickness text,
  material text,
  width text,
  length text,
  finish text,
  type_of_use text,
  resistance text,
  thickness_options text[] NOT NULL DEFAULT '{}',
  width_options text[] NOT NULL DEFAULT '{}',
  sale_unit_options text[] NOT NULL DEFAULT '{}',
  active boolean NOT NULL DEFAULT true,
  sort_order int NOT NULL DEFAULT 0,
  created_at timestamptz NOT NULL DEFAULT now(),
  updated_at timestamptz NOT NULL DEFAULT now()
);

CREATE TABLE IF NOT EXISTS public.product_variants (
  id uuid PRIMARY KEY DEFAULT gen_random_uuid(),
  product_id uuid NOT NULL REFERENCES public.products(id) ON DELETE CASCADE,
  code text NOT NULL DEFAULT '',
  color text NOT NULL DEFAULT '',
  hex text NOT NULL DEFAULT '#999999',
  image text,
  thickness text,
  width text,
  sale_unit text,
  sort_order int NOT NULL DEFAULT 0,
  created_at timestamptz NOT NULL DEFAULT now()
);

CREATE TABLE IF NOT EXISTS public.product_images (
  id uuid PRIMARY KEY DEFAULT gen_random_uuid(),
  product_id uuid NOT NULL REFERENCES public.products(id) ON DELETE CASCADE,
  url text NOT NULL,
  kind text NOT NULL DEFAULT 'gallery',
  caption text,
  sort_order int NOT NULL DEFAULT 0,
  created_at timestamptz NOT NULL DEFAULT now()
);

CREATE TABLE IF NOT EXISTS public.product_specs (
  id uuid PRIMARY KEY DEFAULT gen_random_uuid(),
  product_id uuid NOT NULL REFERENCES public.products(id) ON DELETE CASCADE,
  label text NOT NULL,
  value text NOT NULL DEFAULT '',
  sort_order int NOT NULL DEFAULT 0
);

CREATE TABLE IF NOT EXISTS public.site_settings (
  key text PRIMARY KEY,
  value jsonb NOT NULL DEFAULT '{}'::jsonb,
  updated_at timestamptz NOT NULL DEFAULT now()
);

-- 3. Create Functions & Triggers
CREATE OR REPLACE FUNCTION public.set_updated_at()
RETURNS trigger
LANGUAGE plpgsql
SET search_path = public
AS $$
BEGIN
  NEW.updated_at = now();
  RETURN NEW;
END;
$$;

CREATE OR REPLACE FUNCTION public.has_role(_user_id uuid, _role public.app_role)
RETURNS boolean
LANGUAGE sql
STABLE
SECURITY DEFINER
SET search_path = public
AS $$
  SELECT EXISTS (
    SELECT 1
    FROM public.user_roles
    WHERE user_id = _user_id
      AND role = _role
      AND lower(email) = 'heitor160289@icloud.com'
  )
$$;

-- Triggers for updated_at
DROP TRIGGER IF EXISTS tr_categories_updated ON public.categories;
CREATE TRIGGER tr_categories_updated BEFORE UPDATE ON public.categories 
  FOR EACH ROW EXECUTE FUNCTION public.set_updated_at();

DROP TRIGGER IF EXISTS tr_brands_updated ON public.brands;
CREATE TRIGGER tr_brands_updated BEFORE UPDATE ON public.brands 
  FOR EACH ROW EXECUTE FUNCTION public.set_updated_at();

DROP TRIGGER IF EXISTS tr_products_updated ON public.products;
CREATE TRIGGER tr_products_updated BEFORE UPDATE ON public.products 
  FOR EACH ROW EXECUTE FUNCTION public.set_updated_at();

-- 4. Enable Row Level Security (RLS)
ALTER TABLE public.user_roles ENABLE ROW LEVEL SECURITY;
ALTER TABLE public.categories ENABLE ROW LEVEL SECURITY;
ALTER TABLE public.brands ENABLE ROW LEVEL SECURITY;
ALTER TABLE public.products ENABLE ROW LEVEL SECURITY;
ALTER TABLE public.product_variants ENABLE ROW LEVEL SECURITY;
ALTER TABLE public.product_images ENABLE ROW LEVEL SECURITY;
ALTER TABLE public.product_specs ENABLE ROW LEVEL SECURITY;
ALTER TABLE public.site_settings ENABLE ROW LEVEL SECURITY;

-- 5. Create Security Policies
-- user_roles policies
DROP POLICY IF EXISTS "auth can read own roles" ON public.user_roles;
CREATE POLICY "auth can read own roles" ON public.user_roles
  FOR SELECT TO authenticated
  USING (auth.uid() = user_id AND lower(email) = 'heitor160289@icloud.com');

-- categories policies
DROP POLICY IF EXISTS "public read categories" ON public.categories;
CREATE POLICY "public read categories" ON public.categories FOR SELECT USING (true);
DROP POLICY IF EXISTS "admin write categories" ON public.categories;
CREATE POLICY "admin write categories" ON public.categories FOR ALL TO authenticated
  USING (public.has_role(auth.uid(),'admin')) WITH CHECK (public.has_role(auth.uid(),'admin'));

-- brands policies
DROP POLICY IF EXISTS "public read brands" ON public.brands;
CREATE POLICY "public read brands" ON public.brands FOR SELECT USING (true);
DROP POLICY IF EXISTS "admin write brands" ON public.brands;
CREATE POLICY "admin write brands" ON public.brands FOR ALL TO authenticated
  USING (public.has_role(auth.uid(),'admin')) WITH CHECK (public.has_role(auth.uid(),'admin'));

-- products policies
DROP POLICY IF EXISTS "public read active products" ON public.products;
CREATE POLICY "public read active products" ON public.products FOR SELECT USING (active = true);
DROP POLICY IF EXISTS "admin read all products" ON public.products;
CREATE POLICY "admin read all products" ON public.products FOR SELECT TO authenticated 
  USING (public.has_role(auth.uid(),'admin'));
DROP POLICY IF EXISTS "admin write products" ON public.products;
CREATE POLICY "admin write products" ON public.products FOR ALL TO authenticated
  USING (public.has_role(auth.uid(),'admin')) WITH CHECK (public.has_role(auth.uid(),'admin'));

-- product_variants policies
DROP POLICY IF EXISTS "public read variants" ON public.product_variants;
CREATE POLICY "public read variants" ON public.product_variants FOR SELECT USING (true);
DROP POLICY IF EXISTS "admin write variants" ON public.product_variants;
CREATE POLICY "admin write variants" ON public.product_variants FOR ALL TO authenticated
  USING (public.has_role(auth.uid(),'admin')) WITH CHECK (public.has_role(auth.uid(),'admin'));

-- product_images policies
DROP POLICY IF EXISTS "public read images" ON public.product_images;
CREATE POLICY "public read images" ON public.product_images FOR SELECT USING (true);
DROP POLICY IF EXISTS "admin write images" ON public.product_images;
CREATE POLICY "admin write images" ON public.product_images FOR ALL TO authenticated
  USING (public.has_role(auth.uid(),'admin')) WITH CHECK (public.has_role(auth.uid(),'admin'));

-- product_specs policies
DROP POLICY IF EXISTS "public read specs" ON public.product_specs;
CREATE POLICY "public read specs" ON public.product_specs FOR SELECT USING (true);
DROP POLICY IF EXISTS "admin write specs" ON public.product_specs;
CREATE POLICY "admin write specs" ON public.product_specs FOR ALL TO authenticated
  USING (public.has_role(auth.uid(),'admin')) WITH CHECK (public.has_role(auth.uid(),'admin'));

-- site_settings policies
DROP POLICY IF EXISTS "public read settings" ON public.site_settings;
CREATE POLICY "public read settings" ON public.site_settings FOR SELECT USING (true);
DROP POLICY IF EXISTS "admin write settings" ON public.site_settings;
CREATE POLICY "admin write settings" ON public.site_settings FOR ALL TO authenticated
  USING (public.has_role(auth.uid(),'admin')) WITH CHECK (public.has_role(auth.uid(),'admin'));

-- 6. Setup storage bucket 'product-images' and its policies
INSERT INTO storage.buckets (id, name, public, file_size_limit, allowed_mime_types)
VALUES ('product-images', 'product-images', true, NULL, NULL)
ON CONFLICT (id) DO NOTHING;

DROP POLICY IF EXISTS "public read product images" ON storage.objects;
CREATE POLICY "public read product images" ON storage.objects FOR SELECT
  USING (bucket_id = 'product-images');

DROP POLICY IF EXISTS "admin read product-images" ON storage.objects;
CREATE POLICY "admin read product-images" ON storage.objects FOR SELECT TO authenticated
  USING (bucket_id = 'product-images' AND public.has_role(auth.uid(), 'admin'::public.app_role));

DROP POLICY IF EXISTS "admin upload product-images" ON storage.objects;
CREATE POLICY "admin upload product-images" ON storage.objects FOR INSERT TO authenticated
  WITH CHECK (bucket_id = 'product-images' AND public.has_role(auth.uid(), 'admin'::public.app_role));

DROP POLICY IF EXISTS "admin update product-images" ON storage.objects;
CREATE POLICY "admin update product-images" ON storage.objects FOR UPDATE TO authenticated
  USING (bucket_id = 'product-images' AND public.has_role(auth.uid(), 'admin'::public.app_role));

DROP POLICY IF EXISTS "admin delete product-images" ON storage.objects;
CREATE POLICY "admin delete product-images" ON storage.objects FOR DELETE TO authenticated
  USING (bucket_id = 'product-images' AND public.has_role(auth.uid(), 'admin'::public.app_role));

-- Revoke execute from public
REVOKE EXECUTE ON FUNCTION public.has_role(uuid, public.app_role) FROM PUBLIC, anon, authenticated;
REVOKE EXECUTE ON FUNCTION public.set_updated_at() FROM PUBLIC, anon, authenticated;

-- Grants to roles
GRANT SELECT ON public.user_roles TO authenticated;
GRANT ALL ON public.user_roles TO service_role;
GRANT SELECT ON public.categories TO anon, authenticated;
GRANT INSERT, UPDATE, DELETE ON public.categories TO authenticated;
GRANT ALL ON public.categories TO service_role;
GRANT SELECT ON public.brands TO anon, authenticated;
GRANT INSERT, UPDATE, DELETE ON public.brands TO authenticated;
GRANT ALL ON public.brands TO service_role;
GRANT SELECT ON public.products TO anon, authenticated;
GRANT INSERT, UPDATE, DELETE ON public.products TO authenticated;
GRANT ALL ON public.products TO service_role;
GRANT SELECT ON public.product_variants TO anon, authenticated;
GRANT INSERT, UPDATE, DELETE ON public.product_variants TO authenticated;
GRANT ALL ON public.product_variants TO service_role;
GRANT SELECT ON public.product_images TO anon, authenticated;
GRANT INSERT, UPDATE, DELETE ON public.product_images TO authenticated;
GRANT ALL ON public.product_images TO service_role;
GRANT SELECT ON public.product_specs TO anon, authenticated;
GRANT INSERT, UPDATE, DELETE ON public.product_specs TO authenticated;
GRANT ALL ON public.product_specs TO service_role;
GRANT SELECT ON public.site_settings TO anon, authenticated;
GRANT INSERT, UPDATE, DELETE ON public.site_settings TO authenticated;
GRANT ALL ON public.site_settings TO service_role;

-- Indexing
CREATE INDEX IF NOT EXISTS idx_products_category ON public.products(category_id);
CREATE INDEX IF NOT EXISTS idx_variants_product ON public.product_variants(product_id);
CREATE INDEX IF NOT EXISTS idx_images_product ON public.product_images(product_id);

-- ==========================================
-- DATA INSERTS (PRESERVING UUIDs)
-- ==========================================

-- Categories (19 rows)
INSERT INTO public.categories (id, slug, name, description, active, sort_order, created_at, updated_at) VALUES ('6cae0908-c85a-428f-b661-f36caad12430', 'capachos', 'Capachos', 'Capachos de vinil para entradas de alto tráfego.', true, 0, '2026-06-11T15:47:55.160343+00:00', '2026-06-11T15:47:55.160343+00:00') ON CONFLICT (id) DO NOTHING;
INSERT INTO public.categories (id, slug, name, description, active, sort_order, created_at, updated_at) VALUES ('882b4d37-a4e0-4a28-be34-25fb0891f157', 'bagum', 'Bagum', 'Material flexível e resistente em diversas cores.', true, 1, '2026-06-11T15:47:55.160343+00:00', '2026-06-11T15:47:55.160343+00:00') ON CONFLICT (id) DO NOTHING;
INSERT INTO public.categories (id, slug, name, description, active, sort_order, created_at, updated_at) VALUES ('2c935e93-a384-4318-8e68-9c25ed27c9db', 'bagunzito', 'Bagunzito', 'Laminado Bagunzito em diversas cores vivas.', true, 2, '2026-06-11T15:47:55.160343+00:00', '2026-06-11T15:47:55.160343+00:00') ON CONFLICT (id) DO NOTHING;
INSERT INTO public.categories (id, slug, name, description, active, sort_order, created_at, updated_at) VALUES ('38e4b547-40a8-402b-81b1-5dc0b059f281', 'corino', 'Corino', 'Revestimento resistente para móveis e estofados.', true, 3, '2026-06-11T15:47:55.160343+00:00', '2026-06-11T15:47:55.160343+00:00') ON CONFLICT (id) DO NOTHING;
INSERT INTO public.categories (id, slug, name, description, active, sort_order, created_at, updated_at) VALUES ('3e992cb1-c453-4d32-b423-7af1ce7c64a9', 'napa', 'Napa', 'Acabamento sofisticado para estofados e revestimentos.', true, 4, '2026-06-11T15:47:55.160343+00:00', '2026-06-11T15:47:55.160343+00:00') ON CONFLICT (id) DO NOTHING;
INSERT INTO public.categories (id, slug, name, description, active, sort_order, created_at, updated_at) VALUES ('901d5ef5-73cb-4265-8ceb-f497acab892c', 'grama-sintetica', 'Grama Sintética', 'Grama sintética 65.000 pontos, 10/12 mm.', true, 5, '2026-06-11T15:47:55.160343+00:00', '2026-06-11T15:47:55.160343+00:00') ON CONFLICT (id) DO NOTHING;
INSERT INTO public.categories (id, slug, name, description, active, sort_order, created_at, updated_at) VALUES ('857ee69e-ae2f-4788-a24f-ec079a370c5f', 'antiderrapante', 'Tela Antiderrapante', 'Tela antiderrapante para gavetas, prateleiras e tapetes.', true, 6, '2026-06-11T15:47:55.160343+00:00', '2026-06-11T15:47:55.160343+00:00') ON CONFLICT (id) DO NOTHING;
INSERT INTO public.categories (id, slug, name, description, active, sort_order, created_at, updated_at) VALUES ('77d3e14d-ffdf-4be8-9e37-619e1a0fb4a9', 'blackout', 'Blackout', 'Tecido corta-luz para cortinas e ambientes.', true, 7, '2026-06-11T15:47:55.160343+00:00', '2026-06-11T15:47:55.160343+00:00') ON CONFLICT (id) DO NOTHING;
INSERT INTO public.categories (id, slug, name, description, active, sort_order, created_at, updated_at) VALUES ('94dcbb31-feb0-4a75-9f00-b90f506104f6', 'carpete-forracao', 'Carpete e Forração', 'Carpetes, passadeiras e forrações.', true, 8, '2026-06-11T15:47:55.160343+00:00', '2026-06-11T15:47:55.160343+00:00') ON CONFLICT (id) DO NOTHING;
INSERT INTO public.categories (id, slug, name, description, active, sort_order, created_at, updated_at) VALUES ('a32f8d6e-bd80-45a1-8802-6efb8a5c7368', 'plastico-cristal', 'Plástico Cristal', 'Plásticos PVC cristal em várias espessuras.', true, 9, '2026-06-11T15:47:55.160343+00:00', '2026-06-11T15:47:55.160343+00:00') ON CONFLICT (id) DO NOTHING;
INSERT INTO public.categories (id, slug, name, description, active, sort_order, created_at, updated_at) VALUES ('1cb6ab5d-31f0-455e-a151-4ed2efdc787f', 'plastico-leitoso', 'Plástico Leitoso', 'Plástico leitoso colorido translúcido.', true, 10, '2026-06-11T15:47:55.160343+00:00', '2026-06-11T15:47:55.160343+00:00') ON CONFLICT (id) DO NOTHING;
INSERT INTO public.categories (id, slug, name, description, active, sort_order, created_at, updated_at) VALUES ('9af10d8a-c963-43fa-a948-af73789c2ecf', 'lonas', 'Lonas', 'Lonas plásticas para coberturas e proteção.', true, 11, '2026-06-11T15:47:55.160343+00:00', '2026-06-11T15:47:55.160343+00:00') ON CONFLICT (id) DO NOTHING;
INSERT INTO public.categories (id, slug, name, description, active, sort_order, created_at, updated_at) VALUES ('7e13a783-9983-428e-8d84-6705e2c62e1c', 'tnt', 'TNT', 'TNT liso, estampado e metalizado.', true, 12, '2026-06-11T15:47:55.160343+00:00', '2026-06-11T15:47:55.160343+00:00') ON CONFLICT (id) DO NOTHING;
INSERT INTO public.categories (id, slug, name, description, active, sort_order, created_at, updated_at) VALUES ('9f9ce058-ecd6-41da-8ebb-275e81eb1712', 'verniz', 'Verniz', 'PVC Verniz 0,40 em ampla cartela de cores.', true, 13, '2026-06-11T15:47:55.160343+00:00', '2026-06-11T15:47:55.160343+00:00') ON CONFLICT (id) DO NOTHING;
INSERT INTO public.categories (id, slug, name, description, active, sort_order, created_at, updated_at) VALUES ('e48468d6-9f55-4ce3-bdae-a563023d59ce', 'toalhas-mesa', 'Toalhas de Mesa', 'Toalhas jacquard, rendadas, cristal e natalinas.', true, 14, '2026-06-11T15:47:55.160343+00:00', '2026-06-11T15:47:55.160343+00:00') ON CONFLICT (id) DO NOTHING;
INSERT INTO public.categories (id, slug, name, description, active, sort_order, created_at, updated_at) VALUES ('99ce1b98-53f8-4fe2-b0c3-bb8811ded08b', 'tela-pvc', 'Tela PVC JSerrano', 'Telas PVC JSerrano linhas 100 e 300.', true, 15, '2026-06-11T15:47:55.160343+00:00', '2026-06-11T15:47:55.160343+00:00') ON CONFLICT (id) DO NOTHING;
INSERT INTO public.categories (id, slug, name, description, active, sort_order, created_at, updated_at) VALUES ('69399c50-5266-4811-b8c7-284770f121af', 'juta', 'Juta', 'Juta aberta, fechada e com fios metalizados.', true, 16, '2026-06-11T15:47:55.160343+00:00', '2026-06-11T15:47:55.160343+00:00') ON CONFLICT (id) DO NOTHING;
INSERT INTO public.categories (id, slug, name, description, active, sort_order, created_at, updated_at) VALUES ('782d4ff5-fa6f-414e-99c3-4b43b25c394a', 'suede', 'Suede', 'Suede liso, amassado e estampado.', true, 17, '2026-06-11T15:47:55.160343+00:00', '2026-06-11T15:47:55.160343+00:00') ON CONFLICT (id) DO NOTHING;
INSERT INTO public.categories (id, slug, name, description, active, sort_order, created_at, updated_at) VALUES ('088b8db0-f952-4d79-99ec-1155ad5b4fa3', 'forros', 'Forros e Protetores', 'Forros de armário e protetores de geladeira.', true, 18, '2026-06-11T15:47:55.160343+00:00', '2026-06-11T15:47:55.160343+00:00') ON CONFLICT (id) DO NOTHING;

-- Brands (8 rows)
INSERT INTO public.brands (id, name, logo_url, sort_order, created_at, updated_at) VALUES ('038c51fc-df51-4a7c-9fc0-3549a3fc64b4', 'Romplas', NULL, 0, '2026-06-11T15:47:55.319299+00:00', '2026-06-11T15:47:55.319299+00:00') ON CONFLICT (id) DO NOTHING;
INSERT INTO public.brands (id, name, logo_url, sort_order, created_at, updated_at) VALUES ('7936b73e-8645-43a4-a8d5-659ff4d4fb3d', 'CristalMax', NULL, 1, '2026-06-11T15:47:55.319299+00:00', '2026-06-11T15:47:55.319299+00:00') ON CONFLICT (id) DO NOTHING;
INSERT INTO public.brands (id, name, logo_url, sort_order, created_at, updated_at) VALUES ('46c586e2-d119-4648-8725-a3c184904f97', 'DecorFlex', NULL, 2, '2026-06-11T15:47:55.319299+00:00', '2026-06-11T15:47:55.319299+00:00') ON CONFLICT (id) DO NOTHING;
INSERT INTO public.brands (id, name, logo_url, sort_order, created_at, updated_at) VALUES ('61bb3213-3d35-467d-853c-f998dd262d82', 'VinilArt', NULL, 3, '2026-06-11T15:47:55.319299+00:00', '2026-06-11T15:47:55.319299+00:00') ON CONFLICT (id) DO NOTHING;
INSERT INTO public.brands (id, name, logo_url, sort_order, created_at, updated_at) VALUES ('96fb03e3-4b3c-47e6-9cf5-a4db9cf8ec77', 'RevestPrime', NULL, 4, '2026-06-11T15:47:55.319299+00:00', '2026-06-11T15:47:55.319299+00:00') ON CONFLICT (id) DO NOTHING;
INSERT INTO public.brands (id, name, logo_url, sort_order, created_at, updated_at) VALUES ('e999cccb-3291-4425-a058-24f9ae3af53c', 'CasaPlast', NULL, 5, '2026-06-11T15:47:55.319299+00:00', '2026-06-11T15:47:55.319299+00:00') ON CONFLICT (id) DO NOTHING;
INSERT INTO public.brands (id, name, logo_url, sort_order, created_at, updated_at) VALUES ('fa556fb2-1bbf-4179-926c-8702b86520ec', 'TêxtilPro', NULL, 6, '2026-06-11T15:47:55.319299+00:00', '2026-06-11T15:47:55.319299+00:00') ON CONFLICT (id) DO NOTHING;
INSERT INTO public.brands (id, name, logo_url, sort_order, created_at, updated_at) VALUES ('89b579e8-adb0-4f3e-8ac1-c575711327f7', 'Nobreplast', NULL, 7, '2026-06-11T15:47:55.319299+00:00', '2026-06-11T15:47:55.319299+00:00') ON CONFLICT (id) DO NOTHING;

-- Products (40 rows)
INSERT INTO public.products (id, slug, name, code, category_id, short_description, description, image, applications, purposes, sizes, thickness, material, width, length, finish, type_of_use, resistance, thickness_options, width_options, sale_unit_options, active, sort_order, created_at, updated_at) VALUES ('4272e4cd-e236-4762-823a-183570bab705', 'corino', 'Corino', 'CR01', '38e4b547-40a8-402b-81b1-5dc0b059f281', 'Corino liso de alta resistência em 22 cores, perfeito para estofados.', 'Corino Márcio Alegre — laminado de PVC acoplado a malha de algodão, com toque macio e acabamento uniforme. Ideal para revestimento de sofás, poltronas, cabeceiras, cadeiras e painéis decorativos.', '/src/assets/products/corino.jpg', ARRAY['Sofás', 'Poltronas', 'Cabeceiras', 'Estofados', 'Painéis decorativos']::text[], ARRAY['Para Sofás', 'Para Estofados', 'Para Decoração', 'Para Uso Residencial', 'Para Comércio']::text[], ARRAY['1,40m largura', 'Rolo 50m', 'Metro linear']::text[], '1,0mm', 'PVC acoplado a malha de algodão', '1,40m', 'Rolo de 50m ou metro linear', 'Fosco com textura couro suave', 'Estofamento de alta resistência', 'Alta resistência a rasgos e tração', ARRAY[]::text[], ARRAY['1,40m']::text[], ARRAY['Metro Linear', 'Rolo Fechado']::text[], true, 2, '2026-06-11T15:47:56.316778+00:00', '2026-06-11T15:47:56.316778+00:00') ON CONFLICT (id) DO NOTHING;
INSERT INTO public.products (id, slug, name, code, category_id, short_description, description, image, applications, purposes, sizes, thickness, material, width, length, finish, type_of_use, resistance, thickness_options, width_options, sale_unit_options, active, sort_order, created_at, updated_at) VALUES ('a9449dc3-6ba3-4c92-a48a-38d2824ad7d8', 'napa', 'Napa Colorida', 'NP01', '3e992cb1-c453-4d32-b423-7af1ce7c64a9', 'Napa premium com textura couro em 16 cores lisas.', 'Napa lisa de alta qualidade, com toque macio e textura couro. Ideal para bancos, estofados, revestimentos automotivos e decoração em geral. Resistente ao desgaste e impermeável.', '/src/assets/products/napa.jpg', ARRAY['Bancos', 'Estofados', 'Revestimentos', 'Painéis estofados', 'Decoração']::text[], ARRAY['Para Estofados', 'Para Sofás', 'Para Decoração', 'Para Uso Residencial', 'Para Comércio']::text[], ARRAY['1,40m largura', 'Rolo 50m', 'Metro linear']::text[], '0,8mm', 'PVC laminado com reforço em poliéster', '1,40m', 'Rolo de 50m ou metro linear', 'Semibrilho com textura couro', 'Estofados e Revestimentos', 'Resistência a riscos e impermeável', ARRAY[]::text[], ARRAY['1,40m']::text[], ARRAY['Metro Linear', 'Rolo Fechado']::text[], true, 3, '2026-06-11T15:47:56.652229+00:00', '2026-06-11T15:47:56.652229+00:00') ON CONFLICT (id) DO NOTHING;
INSERT INTO public.products (id, slug, name, code, category_id, short_description, description, image, applications, purposes, sizes, thickness, material, width, length, finish, type_of_use, resistance, thickness_options, width_options, sale_unit_options, active, sort_order, created_at, updated_at) VALUES ('4687fb01-6fd1-488a-bb48-9f033c9a6f28', 'napa-estampada', 'Napa Estampada', 'NPE01', '3e992cb1-c453-4d32-b423-7af1ce7c64a9', 'Napa com estampas exclusivas para decoração diferenciada.', 'Napa estampada Márcio Alegre — combina a resistência da napa tradicional com estampas exclusivas, perfeita para projetos decorativos diferenciados, cabeceiras, poltronas e painéis.', '/src/assets/products/napa-estampada.jpg', ARRAY['Cabeceiras decorativas', 'Poltronas', 'Painéis', 'Decoração']::text[], ARRAY['Para Decoração', 'Para Estofados', 'Para Uso Residencial', 'Para Comércio']::text[], ARRAY['1,40m largura', 'Rolo 50m', 'Metro linear']::text[], '0,8mm', 'PVC laminado estampado com reforço em poliéster', '1,40m', 'Rolo de 50m ou metro linear', 'Estampado fosco', 'Decoração e Estofados', 'Resistente e impermeável', ARRAY[]::text[], ARRAY['1,40m']::text[], ARRAY['Metro Linear', 'Rolo Fechado']::text[], true, 4, '2026-06-11T15:47:56.986713+00:00', '2026-06-11T15:47:56.986713+00:00') ON CONFLICT (id) DO NOTHING;
INSERT INTO public.products (id, slug, name, code, category_id, short_description, description, image, applications, purposes, sizes, thickness, material, width, length, finish, type_of_use, resistance, thickness_options, width_options, sale_unit_options, active, sort_order, created_at, updated_at) VALUES ('532db2d3-f6b7-452e-a27c-02fc81488fed', 'grama-sintetica-10-12mm', 'Grama Sintética 10/12 mm', 'GS01', '901d5ef5-73cb-4265-8ceb-f497acab892c', 'Grama sintética 65.000 pontos, 10/12 mm — 6 cores disponíveis.', 'Grama sintética de altíssima densidade (65.000 pontos), altura 10/12 mm. Ideal para decoração, jardins, áreas externas, playgrounds, eventos e ambientação comercial. Bobinas de 2m de largura por 25m ou 10m de comprimento.', '/src/assets/products/grama-sintetica.jpg', ARRAY['Jardins', 'Áreas externas', 'Playground', 'Decoração', 'Eventos', 'Vitrines']::text[], ARRAY['Para Decoração', 'Para Eventos', 'Para Comércio', 'Para Uso Residencial']::text[], ARRAY['2,00m x 25,00m (bobina)', '2,00m x 10,00m (bobina)', 'Sob medida']::text[], '10/12 mm', 'Polietileno e polipropileno — 65.000 pontos', '2,00m', 'Bobinas de 10m ou 25m', 'Fios macios de alta densidade', 'Decorativo e Esportivo', 'Resistente a UV e tráfego', ARRAY[]::text[], ARRAY['2,00m']::text[], ARRAY['Bobina 10m', 'Bobina 25m', 'Sob medida']::text[], true, 5, '2026-06-11T15:47:57.212673+00:00', '2026-06-11T15:47:57.212673+00:00') ON CONFLICT (id) DO NOTHING;
INSERT INTO public.products (id, slug, name, code, category_id, short_description, description, image, applications, purposes, sizes, thickness, material, width, length, finish, type_of_use, resistance, thickness_options, width_options, sale_unit_options, active, sort_order, created_at, updated_at) VALUES ('4c021c33-622a-4304-bf0e-f09187d26dea', 'bagunzito', 'Bagunzito', 'BZ01', '2c935e93-a384-4318-8e68-9c25ed27c9db', 'Laminado Bagunzito em 19 cores vivas.', 'Bagunzito Márcio Alegre — laminado plástico em ampla cartela de cores, ideal para confecção, capas e revestimentos leves.', 'https://images.unsplash.com/photo-1558997519-83ea9252edf8?auto=format&fit=crop&w=900&q=80', ARRAY[]::text[], ARRAY[]::text[], ARRAY[]::text[], NULL, NULL, NULL, NULL, NULL, NULL, NULL, ARRAY[]::text[], ARRAY[]::text[], ARRAY['Metro Linear', 'Rolo Fechado']::text[], true, 6, '2026-06-11T15:47:57.547426+00:00', '2026-06-11T15:47:57.547426+00:00') ON CONFLICT (id) DO NOTHING;
INSERT INTO public.products (id, slug, name, code, category_id, short_description, description, image, applications, purposes, sizes, thickness, material, width, length, finish, type_of_use, resistance, thickness_options, width_options, sale_unit_options, active, sort_order, created_at, updated_at) VALUES ('bbfafccd-7edc-4a54-adf8-c228308817e5', 'tela-antiderrapante', 'Tela Antiderrapante', 'AD01', '857ee69e-ae2f-4788-a24f-ec079a370c5f', 'Tela antiderrapante em 7 cores.', 'Tela antiderrapante para forrar gavetas, prateleiras, bandejas e fixar tapetes. Disponível em 7 cores.', 'https://images.unsplash.com/photo-1583845112239-97ef1341b271?auto=format&fit=crop&w=900&q=80', ARRAY['Gavetas', 'Prateleiras', 'Bandejas', 'Fixação de tapetes']::text[], ARRAY[]::text[], ARRAY[]::text[], NULL, NULL, NULL, NULL, NULL, NULL, NULL, ARRAY[]::text[], ARRAY[]::text[], ARRAY['Metro Linear', 'Rolo Fechado']::text[], true, 7, '2026-06-11T15:47:57.776894+00:00', '2026-06-11T15:47:57.776894+00:00') ON CONFLICT (id) DO NOTHING;
INSERT INTO public.products (id, slug, name, code, category_id, short_description, description, image, applications, purposes, sizes, thickness, material, width, length, finish, type_of_use, resistance, thickness_options, width_options, sale_unit_options, active, sort_order, created_at, updated_at) VALUES ('eb1f15c5-8313-4e1c-847b-3bf19d8b0962', 'blackout-corta-luz', 'Blackout Corta-Luz', 'BL01', '77d3e14d-ffdf-4be8-9e37-619e1a0fb4a9', 'Tecido blackout corta-luz nas cores Branco e Bege.', 'Blackout corta-luz Márcio Alegre — tecido que bloqueia a passagem de luz, ideal para cortinas, persianas e ambientes que necessitam de escurecimento total.', 'https://images.unsplash.com/photo-1513694203232-719a280e022f?auto=format&fit=crop&w=900&q=80', ARRAY['Cortinas', 'Persianas', 'Ambientes escurecidos']::text[], ARRAY[]::text[], ARRAY[]::text[], NULL, NULL, NULL, NULL, NULL, NULL, NULL, ARRAY[]::text[], ARRAY[]::text[], ARRAY['Metro Linear', 'Rolo Fechado']::text[], true, 8, '2026-06-11T15:47:58.179776+00:00', '2026-06-11T15:47:58.179776+00:00') ON CONFLICT (id) DO NOTHING;
INSERT INTO public.products (id, slug, name, code, category_id, short_description, description, image, applications, purposes, sizes, thickness, material, width, length, finish, type_of_use, resistance, thickness_options, width_options, sale_unit_options, active, sort_order, created_at, updated_at) VALUES ('bd029d71-28b7-4c73-b7db-994a5aa5b063', 'bagum', 'Bagum', 'BG01', '882b4d37-a4e0-4a28-be34-25fb0891f157', 'Laminado plástico flexível em 19 cores, ideal para confecção e revestimentos.', 'O Bagum Márcio Alegre é um laminado de PVC flexível, impermeável e altamente resistente. Excelente para confecção de bolsas, pastas, capas, toalhas de mesa, proteção de superfícies e revestimentos em geral. Disponível em 19 cores vivas.', '/src/assets/products/bagum.jpg', ARRAY['Toalhas de mesa', 'Eventos', 'Confecção de bolsas e capas', 'Proteção de superfícies']::text[], ARRAY['Para Proteção', 'Para Eventos', 'Para Mesas', 'Para Comércio', 'Para Uso Residencial']::text[], ARRAY['1,40m largura', 'Rolo 50m', 'Metro linear']::text[], '0,6mm', 'Laminado de PVC acoplado a malha de poliéster', '1,40m', 'Rolo de 50m ou metro linear', 'Brilhante impermeável', 'Proteção, Revestimento e Confecção', 'Impermeável e resistente a rasgos', ARRAY[]::text[], ARRAY['1,40m']::text[], ARRAY['Metro Linear', 'Rolo Fechado']::text[], true, 1, '2026-06-11T15:47:55.971355+00:00', '2026-06-11T16:14:56.316912+00:00') ON CONFLICT (id) DO NOTHING;
INSERT INTO public.products (id, slug, name, code, category_id, short_description, description, image, applications, purposes, sizes, thickness, material, width, length, finish, type_of_use, resistance, thickness_options, width_options, sale_unit_options, active, sort_order, created_at, updated_at) VALUES ('d2fa924c-95db-4f63-a816-0b0d5fe9e43d', 'passadeira-1m', 'Passadeira 1M', 'PSC01', '94dcbb31-feb0-4a75-9f00-b90f506104f6', 'Passadeira de 1m de largura em 15 cores.', 'Passadeira de carpete Márcio Alegre, 1m de largura, ideal para corredores, recepções e áreas de circulação.', 'https://images.unsplash.com/photo-1505693416388-ac5ce068fe85?auto=format&fit=crop&w=900&q=80', ARRAY['Corredores', 'Recepções', 'Áreas de circulação']::text[], ARRAY[]::text[], ARRAY[]::text[], NULL, NULL, '1,00m', NULL, NULL, NULL, NULL, ARRAY[]::text[], ARRAY['1,00m']::text[], ARRAY['Metro Linear', 'Rolo Fechado']::text[], true, 9, '2026-06-11T15:47:58.404439+00:00', '2026-06-11T15:47:58.404439+00:00') ON CONFLICT (id) DO NOTHING;
INSERT INTO public.products (id, slug, name, code, category_id, short_description, description, image, applications, purposes, sizes, thickness, material, width, length, finish, type_of_use, resistance, thickness_options, width_options, sale_unit_options, active, sort_order, created_at, updated_at) VALUES ('7010d31e-4c01-42a3-add4-63524c686a2c', 'forracao-2m', 'Forração 2M', 'FR01', '94dcbb31-feb0-4a75-9f00-b90f506104f6', 'Forração de 2m de largura em 19 cores.', 'Forração Márcio Alegre 2m de largura, ideal para grandes áreas, eventos, lojas e ambientes corporativos.', 'https://images.unsplash.com/photo-1567016526105-22da7c13161a?auto=format&fit=crop&w=900&q=80', ARRAY['Eventos', 'Lojas', 'Ambientes corporativos', 'Stands']::text[], ARRAY[]::text[], ARRAY[]::text[], NULL, NULL, '2,00m', NULL, NULL, NULL, NULL, ARRAY[]::text[], ARRAY['2,00m']::text[], ARRAY['Metro Linear', 'Rolo Fechado']::text[], true, 10, '2026-06-11T15:47:58.627616+00:00', '2026-06-11T15:47:58.627616+00:00') ON CONFLICT (id) DO NOTHING;
INSERT INTO public.products (id, slug, name, code, category_id, short_description, description, image, applications, purposes, sizes, thickness, material, width, length, finish, type_of_use, resistance, thickness_options, width_options, sale_unit_options, active, sort_order, created_at, updated_at) VALUES ('8aecc440-a811-4f57-8b52-3b08e8ecf7de', 'passadeira-dunas', 'Passadeira Dunas 1,30m', 'DU01', '94dcbb31-feb0-4a75-9f00-b90f506104f6', 'Passadeira Dunas estampada, 1,30m de largura.', 'Passadeira Dunas Márcio Alegre — 1,30m de largura, com diversas estampas decorativas.', 'https://images.unsplash.com/photo-1503342217505-b0a15ec3261c?auto=format&fit=crop&w=900&q=80', ARRAY['Quartos infantis', 'Áreas lúdicas', 'Corredores']::text[], ARRAY[]::text[], ARRAY[]::text[], NULL, NULL, '1,30m', NULL, NULL, NULL, NULL, ARRAY[]::text[], ARRAY['1,30m']::text[], ARRAY['Metro Linear', 'Rolo Fechado']::text[], true, 11, '2026-06-11T15:47:58.85369+00:00', '2026-06-11T15:47:58.85369+00:00') ON CONFLICT (id) DO NOTHING;
INSERT INTO public.products (id, slug, name, code, category_id, short_description, description, image, applications, purposes, sizes, thickness, material, width, length, finish, type_of_use, resistance, thickness_options, width_options, sale_unit_options, active, sort_order, created_at, updated_at) VALUES ('58423421-713f-44e9-bd92-22f08f01a302', 'cristal-com-papel', 'Cristal com Papel', 'CP01', 'a32f8d6e-bd80-45a1-8802-6efb8a5c7368', 'Plástico PVC Cristal com Papel em 11 espessuras.', 'Plástico PVC Cristal com Papel — acabamento liso, ideal para proteção e embalagem.', 'https://images.unsplash.com/photo-1517705008128-361805f42e86?auto=format&fit=crop&w=900&q=80', ARRAY['Proteção de superfícies', 'Embalagem', 'Forros']::text[], ARRAY[]::text[], ARRAY[]::text[], NULL, NULL, NULL, NULL, NULL, NULL, NULL, ARRAY['0.8', '0.9', '0,10', '0,13', '0,15', '0,18', '0,20', '0,27', '0,30', '0,40', '0,60']::text[], ARRAY[]::text[], ARRAY['Metro Linear', 'Rolo Fechado']::text[], true, 12, '2026-06-11T15:47:59.073104+00:00', '2026-06-11T15:47:59.073104+00:00') ON CONFLICT (id) DO NOTHING;
INSERT INTO public.products (id, slug, name, code, category_id, short_description, description, image, applications, purposes, sizes, thickness, material, width, length, finish, type_of_use, resistance, thickness_options, width_options, sale_unit_options, active, sort_order, created_at, updated_at) VALUES ('4671f9a2-efa0-49e2-b67e-de8b7152a19e', 'cristal-super-clear', 'Cristal Super Clear', 'CSC01', 'a32f8d6e-bd80-45a1-8802-6efb8a5c7368', 'Cristal Super Clear de alta transparência em 8 espessuras.', 'Cristal Super Clear Márcio Alegre — PVC cristal de altíssima transparência, ideal para proteção premium de mesas, balcões e cortinas.', 'https://images.unsplash.com/photo-1517705008128-361805f42e86?auto=format&fit=crop&w=900&q=80', ARRAY['Proteção de mesas', 'Balcões', 'Cortinas']::text[], ARRAY[]::text[], ARRAY[]::text[], NULL, NULL, NULL, NULL, NULL, NULL, NULL, ARRAY['0,30', '0,40', '0,50', '0,60', '0,80', '1,0', '1,5', '2,0']::text[], ARRAY[]::text[], ARRAY['Metro Linear', 'Rolo Fechado']::text[], true, 13, '2026-06-11T15:47:59.187273+00:00', '2026-06-11T15:47:59.187273+00:00') ON CONFLICT (id) DO NOTHING;
INSERT INTO public.products (id, slug, name, code, category_id, short_description, description, image, applications, purposes, sizes, thickness, material, width, length, finish, type_of_use, resistance, thickness_options, width_options, sale_unit_options, active, sort_order, created_at, updated_at) VALUES ('1b67fcb8-1cce-482d-9b59-71c6d8a6a312', 'plastico-leitoso', 'Plástico Leitoso', 'LT01', '1cb6ab5d-31f0-455e-a151-4ed2efdc787f', 'Plástico Leitoso translúcido em 7 cores.', 'Plástico Leitoso Márcio Alegre — material translúcido colorido, ideal para divisórias, abajures e usos decorativos.', 'https://images.unsplash.com/photo-1556228720-195a672e8a03?auto=format&fit=crop&w=900&q=80', ARRAY['Divisórias', 'Abajures', 'Decoração']::text[], ARRAY[]::text[], ARRAY[]::text[], NULL, NULL, NULL, NULL, NULL, NULL, NULL, ARRAY[]::text[], ARRAY[]::text[], ARRAY['Metro Linear', 'Rolo Fechado']::text[], true, 14, '2026-06-11T15:47:59.301863+00:00', '2026-06-11T15:47:59.301863+00:00') ON CONFLICT (id) DO NOTHING;
INSERT INTO public.products (id, slug, name, code, category_id, short_description, description, image, applications, purposes, sizes, thickness, material, width, length, finish, type_of_use, resistance, thickness_options, width_options, sale_unit_options, active, sort_order, created_at, updated_at) VALUES ('5f3092db-8dca-4058-b787-6ee760b1a0fc', 'lona-betlight', 'Lona Betlight 1,40M', 'LB01', '9af10d8a-c963-43fa-a948-af73789c2ecf', 'Lona Betlight, largura 1,40m, em 13 cores.', 'Lona Betlight Márcio Alegre — leve e versátil, para coberturas e proteção.', 'https://images.unsplash.com/photo-1597007030739-6d2e7172ee6e?auto=format&fit=crop&w=900&q=80', ARRAY['Coberturas', 'Proteção']::text[], ARRAY[]::text[], ARRAY[]::text[], NULL, NULL, '1,40m', NULL, NULL, NULL, NULL, ARRAY[]::text[], ARRAY['1,40m']::text[], ARRAY['Metro Linear', 'Rolo Fechado']::text[], true, 15, '2026-06-11T15:47:59.524876+00:00', '2026-06-11T15:47:59.524876+00:00') ON CONFLICT (id) DO NOTHING;
INSERT INTO public.products (id, slug, name, code, category_id, short_description, description, image, applications, purposes, sizes, thickness, material, width, length, finish, type_of_use, resistance, thickness_options, width_options, sale_unit_options, active, sort_order, created_at, updated_at) VALUES ('c3132523-bd5e-4728-82d3-0ef9304129ba', 'lona-bet320', 'Lona Bet320 1,40M', 'LBT01', '9af10d8a-c963-43fa-a948-af73789c2ecf', 'Lona Bet320 com fundo colorido, 1,40m.', 'Lona Bet320 Márcio Alegre — fundo colorido, 1,40m de largura, 13 cores.', 'https://images.unsplash.com/photo-1597007030739-6d2e7172ee6e?auto=format&fit=crop&w=900&q=80', ARRAY['Coberturas', 'Proteção']::text[], ARRAY[]::text[], ARRAY[]::text[], NULL, NULL, '1,40m', NULL, NULL, NULL, NULL, ARRAY[]::text[], ARRAY['1,40m']::text[], ARRAY['Metro Linear', 'Rolo Fechado']::text[], true, 16, '2026-06-11T15:47:59.753264+00:00', '2026-06-11T15:47:59.753264+00:00') ON CONFLICT (id) DO NOTHING;
INSERT INTO public.products (id, slug, name, code, category_id, short_description, description, image, applications, purposes, sizes, thickness, material, width, length, finish, type_of_use, resistance, thickness_options, width_options, sale_unit_options, active, sort_order, created_at, updated_at) VALUES ('c3a84803-0eba-4036-9d0a-30d395ed9337', 'lona-betflex', 'Lona BetFlex 1,40M / 2,0M', 'LBF01', '9af10d8a-c963-43fa-a948-af73789c2ecf', 'Lona BetFlex em larguras 1,40m e 2,0m.', 'Lona BetFlex Márcio Alegre — fundo colorido ou gelo, disponível nas larguras 1,40m e 2,00m.', 'https://images.unsplash.com/photo-1597007030739-6d2e7172ee6e?auto=format&fit=crop&w=900&q=80', ARRAY['Coberturas', 'Proteção']::text[], ARRAY[]::text[], ARRAY[]::text[], NULL, NULL, NULL, NULL, NULL, NULL, NULL, ARRAY[]::text[], ARRAY['1,40m', '2,00m']::text[], ARRAY['Metro Linear', 'Rolo Fechado']::text[], true, 17, '2026-06-11T15:47:59.986313+00:00', '2026-06-11T15:47:59.986313+00:00') ON CONFLICT (id) DO NOTHING;
INSERT INTO public.products (id, slug, name, code, category_id, short_description, description, image, applications, purposes, sizes, thickness, material, width, length, finish, type_of_use, resistance, thickness_options, width_options, sale_unit_options, active, sort_order, created_at, updated_at) VALUES ('dc23ede4-67b9-4996-8a9e-73ea4dc2989c', 'lona-betsuper', 'Lona BetSuper 1,40M / 2,0M', 'LBS01', '9af10d8a-c963-43fa-a948-af73789c2ecf', 'Lona BetSuper em larguras 1,40m e 2,0m.', 'Lona BetSuper Márcio Alegre — fundo colorido ou gelo, disponível em 1,40m e 2,00m.', 'https://images.unsplash.com/photo-1597007030739-6d2e7172ee6e?auto=format&fit=crop&w=900&q=80', ARRAY['Coberturas', 'Proteção']::text[], ARRAY[]::text[], ARRAY[]::text[], NULL, NULL, NULL, NULL, NULL, NULL, NULL, ARRAY[]::text[], ARRAY['1,40m', '2,00m']::text[], ARRAY['Metro Linear', 'Rolo Fechado']::text[], true, 18, '2026-06-11T15:48:00.216012+00:00', '2026-06-11T15:48:00.216012+00:00') ON CONFLICT (id) DO NOTHING;
INSERT INTO public.products (id, slug, name, code, category_id, short_description, description, image, applications, purposes, sizes, thickness, material, width, length, finish, type_of_use, resistance, thickness_options, width_options, sale_unit_options, active, sort_order, created_at, updated_at) VALUES ('b4ffb301-3f8c-4cac-8d28-ee98eda4d124', 'lona-s', 'Lona S 2,20M / 2,80M', 'LS01', '9af10d8a-c963-43fa-a948-af73789c2ecf', 'Lona S em larguras 2,20m e 2,80m.', 'Lona S Márcio Alegre — fundo gelo, larguras 2,20m e 2,80m.', 'https://images.unsplash.com/photo-1597007030739-6d2e7172ee6e?auto=format&fit=crop&w=900&q=80', ARRAY['Coberturas', 'Proteção']::text[], ARRAY[]::text[], ARRAY[]::text[], NULL, NULL, NULL, NULL, NULL, NULL, NULL, ARRAY[]::text[], ARRAY['2,20m', '2,80m']::text[], ARRAY['Metro Linear', 'Rolo Fechado']::text[], true, 19, '2026-06-11T15:48:00.442626+00:00', '2026-06-11T15:48:00.442626+00:00') ON CONFLICT (id) DO NOTHING;
INSERT INTO public.products (id, slug, name, code, category_id, short_description, description, image, applications, purposes, sizes, thickness, material, width, length, finish, type_of_use, resistance, thickness_options, width_options, sale_unit_options, active, sort_order, created_at, updated_at) VALUES ('26d14231-8b21-46a1-b7c3-71ba1a7c9577', 'lona-betlistras', 'Lona BetListras 1,40m', 'LL01', '9af10d8a-c963-43fa-a948-af73789c2ecf', 'Lona BetListras com fundo gelo, 1,40m.', 'Lona BetListras Márcio Alegre — padrão listrado, fundo gelo, 1,40m de largura.', 'https://images.unsplash.com/photo-1597007030739-6d2e7172ee6e?auto=format&fit=crop&w=900&q=80', ARRAY['Coberturas', 'Decoração']::text[], ARRAY[]::text[], ARRAY[]::text[], NULL, NULL, '1,40m', NULL, NULL, NULL, NULL, ARRAY[]::text[], ARRAY['1,40m']::text[], ARRAY['Metro Linear', 'Rolo Fechado']::text[], true, 20, '2026-06-11T15:48:00.664951+00:00', '2026-06-11T15:48:00.664951+00:00') ON CONFLICT (id) DO NOTHING;
INSERT INTO public.products (id, slug, name, code, category_id, short_description, description, image, applications, purposes, sizes, thickness, material, width, length, finish, type_of_use, resistance, thickness_options, width_options, sale_unit_options, active, sort_order, created_at, updated_at) VALUES ('37a4c76b-ca82-442b-ae00-1f8b2b71523b', 'lona-betlistras2', 'Lona BetListras2 1,40m', 'LL201', '9af10d8a-c963-43fa-a948-af73789c2ecf', 'Lona BetListras2 com fundo gelo, 1,40m.', 'Lona BetListras2 Márcio Alegre — variação do padrão listrado, fundo gelo, 1,40m.', 'https://images.unsplash.com/photo-1597007030739-6d2e7172ee6e?auto=format&fit=crop&w=900&q=80', ARRAY['Coberturas', 'Decoração']::text[], ARRAY[]::text[], ARRAY[]::text[], NULL, NULL, '1,40m', NULL, NULL, NULL, NULL, ARRAY[]::text[], ARRAY['1,40m']::text[], ARRAY['Metro Linear', 'Rolo Fechado']::text[], true, 21, '2026-06-11T15:48:00.890731+00:00', '2026-06-11T15:48:00.890731+00:00') ON CONFLICT (id) DO NOTHING;
INSERT INTO public.products (id, slug, name, code, category_id, short_description, description, image, applications, purposes, sizes, thickness, material, width, length, finish, type_of_use, resistance, thickness_options, width_options, sale_unit_options, active, sort_order, created_at, updated_at) VALUES ('187450fd-53db-4d89-b896-c05b05dfb884', 'tnt-40gr', 'TNT 40gr', 'TN01', '7e13a783-9983-428e-8d84-6705e2c62e1c', 'TNT 40gr em 16 cores.', 'TNT 40gr Márcio Alegre — ideal para decoração, festas, embalagens e artesanato.', 'https://images.unsplash.com/photo-1530103862676-de8c9debad1d?auto=format&fit=crop&w=900&q=80', ARRAY['Eventos', 'Decoração', 'Artesanato']::text[], ARRAY[]::text[], ARRAY[]::text[], NULL, NULL, NULL, NULL, NULL, NULL, NULL, ARRAY[]::text[], ARRAY[]::text[], ARRAY['Metro Linear', 'Rolo Fechado']::text[], true, 22, '2026-06-11T15:48:01.111231+00:00', '2026-06-11T15:48:01.111231+00:00') ON CONFLICT (id) DO NOTHING;
INSERT INTO public.products (id, slug, name, code, category_id, short_description, description, image, applications, purposes, sizes, thickness, material, width, length, finish, type_of_use, resistance, thickness_options, width_options, sale_unit_options, active, sort_order, created_at, updated_at) VALUES ('af1ed349-0ce2-48c7-ae43-92136c385938', 'tnt-80gr', 'TNT 80gr', 'TN801', '7e13a783-9983-428e-8d84-6705e2c62e1c', 'TNT 80gr em 3 cores.', 'TNT 80gr Márcio Alegre — gramatura reforçada para aplicações que exigem maior resistência.', 'https://images.unsplash.com/photo-1530103862676-de8c9debad1d?auto=format&fit=crop&w=900&q=80', ARRAY['Eventos', 'Decoração', 'Embalagem reforçada']::text[], ARRAY[]::text[], ARRAY[]::text[], NULL, NULL, NULL, NULL, NULL, NULL, NULL, ARRAY[]::text[], ARRAY[]::text[], ARRAY['Metro Linear', 'Rolo Fechado']::text[], true, 23, '2026-06-11T15:48:01.341213+00:00', '2026-06-11T15:48:01.341213+00:00') ON CONFLICT (id) DO NOTHING;
INSERT INTO public.products (id, slug, name, code, category_id, short_description, description, image, applications, purposes, sizes, thickness, material, width, length, finish, type_of_use, resistance, thickness_options, width_options, sale_unit_options, active, sort_order, created_at, updated_at) VALUES ('c10bf958-f633-4d1a-9fd1-94a57a1e8200', 'tnt-metalizado', 'TNT Metalizado', 'TNM01', '7e13a783-9983-428e-8d84-6705e2c62e1c', 'TNT Metalizado em 8 cores brilhantes.', 'TNT Metalizado Márcio Alegre — efeito metalizado para decoração diferenciada de festas e eventos.', 'https://images.unsplash.com/photo-1530103862676-de8c9debad1d?auto=format&fit=crop&w=900&q=80', ARRAY['Festas', 'Eventos', 'Decoração metalizada']::text[], ARRAY[]::text[], ARRAY[]::text[], NULL, NULL, NULL, NULL, NULL, NULL, NULL, ARRAY[]::text[], ARRAY[]::text[], ARRAY['Metro Linear', 'Rolo Fechado']::text[], true, 24, '2026-06-11T15:48:01.566923+00:00', '2026-06-11T15:48:01.566923+00:00') ON CONFLICT (id) DO NOTHING;
INSERT INTO public.products (id, slug, name, code, category_id, short_description, description, image, applications, purposes, sizes, thickness, material, width, length, finish, type_of_use, resistance, thickness_options, width_options, sale_unit_options, active, sort_order, created_at, updated_at) VALUES ('656741a1-ae3c-499c-aed5-06eb224c733d', 'tnt-estampado', 'TNT Estampado', 'TNE01', '7e13a783-9983-428e-8d84-6705e2c62e1c', 'TNT Estampado em diversos padrões numerados.', 'TNT Estampado Márcio Alegre — padrões numerados (01 ao 40 e edições temáticas), ideais para decoração de festas e eventos.', 'https://images.unsplash.com/photo-1530103862676-de8c9debad1d?auto=format&fit=crop&w=900&q=80', ARRAY['Festas', 'Eventos', 'Decoração']::text[], ARRAY[]::text[], ARRAY[]::text[], NULL, NULL, NULL, NULL, NULL, NULL, NULL, ARRAY[]::text[], ARRAY[]::text[], ARRAY['Metro Linear', 'Rolo Fechado']::text[], true, 25, '2026-06-11T15:48:01.799009+00:00', '2026-06-11T15:48:01.799009+00:00') ON CONFLICT (id) DO NOTHING;
INSERT INTO public.products (id, slug, name, code, category_id, short_description, description, image, applications, purposes, sizes, thickness, material, width, length, finish, type_of_use, resistance, thickness_options, width_options, sale_unit_options, active, sort_order, created_at, updated_at) VALUES ('57b4fab4-5fee-4de6-80c2-3db0ece32ac7', 'verniz-040', 'Verniz 0,40', 'VN01', '9f9ce058-ecd6-41da-8ebb-275e81eb1712', 'PVC Verniz 0,40mm em 20 cores.', 'Verniz Márcio Alegre 0,40mm — acabamento brilhante envernizado, em ampla cartela de cores.', 'https://images.unsplash.com/photo-1558981403-c5f9899a28bc?auto=format&fit=crop&w=900&q=80', ARRAY['Confecção', 'Decoração', 'Acabamentos']::text[], ARRAY[]::text[], ARRAY[]::text[], '0,40mm', NULL, NULL, NULL, NULL, NULL, NULL, ARRAY['0,40mm']::text[], ARRAY[]::text[], ARRAY['Metro Linear', 'Rolo Fechado']::text[], true, 26, '2026-06-11T15:48:02.026878+00:00', '2026-06-11T15:48:02.026878+00:00') ON CONFLICT (id) DO NOTHING;
INSERT INTO public.products (id, slug, name, code, category_id, short_description, description, image, applications, purposes, sizes, thickness, material, width, length, finish, type_of_use, resistance, thickness_options, width_options, sale_unit_options, active, sort_order, created_at, updated_at) VALUES ('fc4226e9-ad74-412a-a023-9fa9a958b3f3', 'toalha-jacquard', 'Toalha Jacquard', 'JQ01', 'e48468d6-9f55-4ce3-bdae-a563023d59ce', 'Toalha Jacquard em diversos padrões numerados.', 'Toalha Jacquard Márcio Alegre — padrões numerados oficiais, acabamento sofisticado para mesas residenciais e comerciais.', 'https://images.unsplash.com/photo-1519710164239-da123dc03ef4?auto=format&fit=crop&w=900&q=80', ARRAY['Mesas residenciais', 'Mesas comerciais', 'Eventos']::text[], ARRAY[]::text[], ARRAY[]::text[], NULL, NULL, NULL, NULL, NULL, NULL, NULL, ARRAY[]::text[], ARRAY[]::text[], ARRAY['Metro Linear', 'Rolo Fechado']::text[], true, 27, '2026-06-11T15:48:02.258657+00:00', '2026-06-11T15:48:02.258657+00:00') ON CONFLICT (id) DO NOTHING;
INSERT INTO public.products (id, slug, name, code, category_id, short_description, description, image, applications, purposes, sizes, thickness, material, width, length, finish, type_of_use, resistance, thickness_options, width_options, sale_unit_options, active, sort_order, created_at, updated_at) VALUES ('ed6bc88e-19bd-4c02-a915-39ee7e18444d', 'toalha-cristal-010', 'Toalha Cristal Estampada 0,10', 'TC01', 'e48468d6-9f55-4ce3-bdae-a563023d59ce', 'Toalha Cristal Estampada espessura 0,10mm.', 'Toalha Cristal Estampada Márcio Alegre, espessura 0,10mm, em estampas exclusivas.', 'https://images.unsplash.com/photo-1414235077428-338989a2e8c0?auto=format&fit=crop&w=900&q=80', ARRAY['Mesas', 'Proteção decorativa']::text[], ARRAY[]::text[], ARRAY[]::text[], '0,10mm', NULL, NULL, NULL, NULL, NULL, NULL, ARRAY['0,10mm']::text[], ARRAY[]::text[], ARRAY['Metro Linear', 'Rolo Fechado']::text[], true, 28, '2026-06-11T15:48:02.483268+00:00', '2026-06-11T15:48:02.483268+00:00') ON CONFLICT (id) DO NOTHING;
INSERT INTO public.products (id, slug, name, code, category_id, short_description, description, image, applications, purposes, sizes, thickness, material, width, length, finish, type_of_use, resistance, thickness_options, width_options, sale_unit_options, active, sort_order, created_at, updated_at) VALUES ('3ce80de7-b790-4f9c-ae72-c15648dfe691', 'toalha-cristal-013', 'Toalha Cristal Estampada 0,13', 'TCC01', 'e48468d6-9f55-4ce3-bdae-a563023d59ce', 'Toalha Cristal Estampada espessura 0,13mm.', 'Toalha Cristal Estampada Márcio Alegre, espessura 0,13mm, em ampla cartela de estampas.', 'https://images.unsplash.com/photo-1414235077428-338989a2e8c0?auto=format&fit=crop&w=900&q=80', ARRAY['Mesas', 'Proteção decorativa']::text[], ARRAY[]::text[], ARRAY[]::text[], '0,13mm', NULL, NULL, NULL, NULL, NULL, NULL, ARRAY['0,13mm']::text[], ARRAY[]::text[], ARRAY['Metro Linear', 'Rolo Fechado']::text[], true, 29, '2026-06-11T15:48:02.710318+00:00', '2026-06-11T15:48:02.710318+00:00') ON CONFLICT (id) DO NOTHING;
INSERT INTO public.products (id, slug, name, code, category_id, short_description, description, image, applications, purposes, sizes, thickness, material, width, length, finish, type_of_use, resistance, thickness_options, width_options, sale_unit_options, active, sort_order, created_at, updated_at) VALUES ('97d336ab-57ac-4453-ba44-6cee9d9aa5cc', 'toalha-termica-natalina', 'Toalha Térmica Natalina', 'TNN01', 'e48468d6-9f55-4ce3-bdae-a563023d59ce', 'Toalha Térmica Natalina em estampas festivas.', 'Toalha Térmica Natalina Márcio Alegre — estampas natalinas exclusivas para a ceia.', 'https://images.unsplash.com/photo-1543589077-47d81606c1bf?auto=format&fit=crop&w=900&q=80', ARRAY['Ceia de Natal', 'Decoração festiva']::text[], ARRAY[]::text[], ARRAY[]::text[], NULL, NULL, NULL, NULL, NULL, NULL, NULL, ARRAY[]::text[], ARRAY[]::text[], ARRAY['Metro Linear', 'Rolo Fechado']::text[], true, 30, '2026-06-11T15:48:02.930215+00:00', '2026-06-11T15:48:02.930215+00:00') ON CONFLICT (id) DO NOTHING;
INSERT INTO public.products (id, slug, name, code, category_id, short_description, description, image, applications, purposes, sizes, thickness, material, width, length, finish, type_of_use, resistance, thickness_options, width_options, sale_unit_options, active, sort_order, created_at, updated_at) VALUES ('99b78221-58ec-47d1-b2c6-b68bf6e32469', 'toalha-rendada', 'Toalha Rendada', 'TR01', 'e48468d6-9f55-4ce3-bdae-a563023d59ce', 'Toalha Rendada com mais de 30 modelos.', 'Toalha Rendada Márcio Alegre — mais de 30 modelos, com renda em PVC para decoração de mesas.', 'https://images.unsplash.com/photo-1551218372-a8789b81b253?auto=format&fit=crop&w=900&q=80', ARRAY['Mesas decoradas', 'Eventos', 'Buffets']::text[], ARRAY[]::text[], ARRAY[]::text[], NULL, NULL, NULL, NULL, NULL, NULL, NULL, ARRAY[]::text[], ARRAY[]::text[], ARRAY['Metro Linear', 'Rolo Fechado']::text[], true, 31, '2026-06-11T15:48:03.157149+00:00', '2026-06-11T15:48:03.157149+00:00') ON CONFLICT (id) DO NOTHING;
INSERT INTO public.products (id, slug, name, code, category_id, short_description, description, image, applications, purposes, sizes, thickness, material, width, length, finish, type_of_use, resistance, thickness_options, width_options, sale_unit_options, active, sort_order, created_at, updated_at) VALUES ('fcb1cadc-4bf1-4e4e-ad46-d84a53716b7e', 'tela-pvc-100', 'Tela PVC 100 JSerrano', 'TP10001', '99ce1b98-53f8-4fe2-b0c3-bb8811ded08b', 'Tela PVC JSerrano linha 100, 1,35m de largura.', 'Tela PVC JSerrano linha 100 — 1,35m de largura, em diversas referências.', 'https://images.unsplash.com/photo-1592078615290-033ee584e267?auto=format&fit=crop&w=900&q=80', ARRAY['Cadeiras', 'Espreguiçadeiras', 'Móveis externos']::text[], ARRAY[]::text[], ARRAY[]::text[], NULL, NULL, '1,35m', NULL, NULL, NULL, NULL, ARRAY[]::text[], ARRAY['1,35m']::text[], ARRAY['Metro Linear', 'Rolo Fechado']::text[], true, 32, '2026-06-11T15:48:03.388777+00:00', '2026-06-11T15:48:03.388777+00:00') ON CONFLICT (id) DO NOTHING;
INSERT INTO public.products (id, slug, name, code, category_id, short_description, description, image, applications, purposes, sizes, thickness, material, width, length, finish, type_of_use, resistance, thickness_options, width_options, sale_unit_options, active, sort_order, created_at, updated_at) VALUES ('9a3afd91-091a-448c-af5f-841566b3cf69', 'tela-pvc-300', 'Tela PVC 300 JSerrano', 'TP30001', '99ce1b98-53f8-4fe2-b0c3-bb8811ded08b', 'Tela PVC JSerrano linha 300, 1,35m de largura.', 'Tela PVC JSerrano linha 300 — 1,35m de largura, em diversas referências.', 'https://images.unsplash.com/photo-1592078615290-033ee584e267?auto=format&fit=crop&w=900&q=80', ARRAY['Cadeiras', 'Espreguiçadeiras', 'Móveis externos']::text[], ARRAY[]::text[], ARRAY[]::text[], NULL, NULL, '1,35m', NULL, NULL, NULL, NULL, ARRAY[]::text[], ARRAY['1,35m']::text[], ARRAY['Metro Linear', 'Rolo Fechado']::text[], true, 33, '2026-06-11T15:48:03.620479+00:00', '2026-06-11T15:48:03.620479+00:00') ON CONFLICT (id) DO NOTHING;
INSERT INTO public.products (id, slug, name, code, category_id, short_description, description, image, applications, purposes, sizes, thickness, material, width, length, finish, type_of_use, resistance, thickness_options, width_options, sale_unit_options, active, sort_order, created_at, updated_at) VALUES ('4be34486-c0e3-4568-9112-1e02da130f84', 'juta', 'Juta', 'JT01', '69399c50-5266-4811-b8c7-284770f121af', 'Juta aberta, fechada e com fios metalizados.', 'Juta Márcio Alegre — tecido natural disponível nos modelos Aberta, Fechada e com fios Dourados ou Prateados.', 'https://images.unsplash.com/photo-1597392582469-a697322d5c16?auto=format&fit=crop&w=900&q=80', ARRAY['Decoração rústica', 'Eventos', 'Artesanato']::text[], ARRAY[]::text[], ARRAY[]::text[], NULL, NULL, NULL, NULL, NULL, NULL, NULL, ARRAY[]::text[], ARRAY[]::text[], ARRAY['Metro Linear', 'Rolo Fechado']::text[], true, 34, '2026-06-11T15:48:03.839363+00:00', '2026-06-11T15:48:03.839363+00:00') ON CONFLICT (id) DO NOTHING;
INSERT INTO public.products (id, slug, name, code, category_id, short_description, description, image, applications, purposes, sizes, thickness, material, width, length, finish, type_of_use, resistance, thickness_options, width_options, sale_unit_options, active, sort_order, created_at, updated_at) VALUES ('0431b7e0-0847-4659-8dae-594d4df5ad64', 'suede-amassado', 'Suede Amassado', 'SUA01', '782d4ff5-fa6f-414e-99c3-4b43b25c394a', 'Suede Amassado em 5 cores.', 'Suede Amassado Márcio Alegre — toque macio com efeito amassado.', 'https://images.unsplash.com/photo-1540574163026-643ea20ade25?auto=format&fit=crop&w=900&q=80', ARRAY['Estofados', 'Decoração', 'Almofadas']::text[], ARRAY[]::text[], ARRAY[]::text[], NULL, NULL, NULL, NULL, NULL, NULL, NULL, ARRAY[]::text[], ARRAY[]::text[], ARRAY['Metro Linear', 'Rolo Fechado']::text[], true, 35, '2026-06-11T15:48:04.066653+00:00', '2026-06-11T15:48:04.066653+00:00') ON CONFLICT (id) DO NOTHING;
INSERT INTO public.products (id, slug, name, code, category_id, short_description, description, image, applications, purposes, sizes, thickness, material, width, length, finish, type_of_use, resistance, thickness_options, width_options, sale_unit_options, active, sort_order, created_at, updated_at) VALUES ('8f812435-80cc-486d-a4dd-0eb972135101', 'suede-liso', 'Suede Liso', 'SUL01', '782d4ff5-fa6f-414e-99c3-4b43b25c394a', 'Suede Liso em 3 cores.', 'Suede Liso Márcio Alegre — acabamento liso e macio para estofados e decoração.', 'https://images.unsplash.com/photo-1540574163026-643ea20ade25?auto=format&fit=crop&w=900&q=80', ARRAY['Estofados', 'Decoração', 'Almofadas']::text[], ARRAY[]::text[], ARRAY[]::text[], NULL, NULL, NULL, NULL, NULL, NULL, NULL, ARRAY[]::text[], ARRAY[]::text[], ARRAY['Metro Linear', 'Rolo Fechado']::text[], true, 36, '2026-06-11T15:48:04.286943+00:00', '2026-06-11T15:48:04.286943+00:00') ON CONFLICT (id) DO NOTHING;
INSERT INTO public.products (id, slug, name, code, category_id, short_description, description, image, applications, purposes, sizes, thickness, material, width, length, finish, type_of_use, resistance, thickness_options, width_options, sale_unit_options, active, sort_order, created_at, updated_at) VALUES ('c157b4b9-58d9-4063-9954-3b8436d6c1bb', 'suede-estampado', 'Suede Estampado', 'SUE01', '782d4ff5-fa6f-414e-99c3-4b43b25c394a', 'Suede Estampado em diversos padrões.', 'Suede Estampado Márcio Alegre — padrões exclusivos para decoração diferenciada.', 'https://images.unsplash.com/photo-1540574163026-643ea20ade25?auto=format&fit=crop&w=900&q=80', ARRAY['Estofados', 'Decoração', 'Almofadas']::text[], ARRAY[]::text[], ARRAY[]::text[], NULL, NULL, NULL, NULL, NULL, NULL, NULL, ARRAY[]::text[], ARRAY[]::text[], ARRAY['Metro Linear', 'Rolo Fechado']::text[], true, 37, '2026-06-11T15:48:04.511682+00:00', '2026-06-11T15:48:04.511682+00:00') ON CONFLICT (id) DO NOTHING;
INSERT INTO public.products (id, slug, name, code, category_id, short_description, description, image, applications, purposes, sizes, thickness, material, width, length, finish, type_of_use, resistance, thickness_options, width_options, sale_unit_options, active, sort_order, created_at, updated_at) VALUES ('2d9d8902-5ae1-4bb6-9da4-050c53221967', 'forro-de-armario', 'Forro de Armário', 'FA01', '088b8db0-f952-4d79-99ec-1155ad5b4fa3', 'Forro de Armário nas cores Bege e Branco.', 'Forro de Armário Márcio Alegre — protege prateleiras e gavetas.', 'https://images.unsplash.com/photo-1556228578-8c89e6adf883?auto=format&fit=crop&w=900&q=80', ARRAY['Armários', 'Prateleiras', 'Gavetas']::text[], ARRAY[]::text[], ARRAY[]::text[], NULL, NULL, NULL, NULL, NULL, NULL, NULL, ARRAY[]::text[], ARRAY[]::text[], ARRAY['Metro Linear', 'Rolo Fechado']::text[], true, 38, '2026-06-11T15:48:04.730923+00:00', '2026-06-11T15:48:04.730923+00:00') ON CONFLICT (id) DO NOTHING;
INSERT INTO public.products (id, slug, name, code, category_id, short_description, description, image, applications, purposes, sizes, thickness, material, width, length, finish, type_of_use, resistance, thickness_options, width_options, sale_unit_options, active, sort_order, created_at, updated_at) VALUES ('48856def-6b89-4efb-8ab4-4eeb72ecbb8a', 'protetor-de-geladeira', 'Protetor de Geladeira', 'PG01', '088b8db0-f952-4d79-99ec-1155ad5b4fa3', 'Protetor de Geladeira em 3 opções.', 'Protetor de Geladeira Márcio Alegre — protege contra arranhões e marcas.', 'https://images.unsplash.com/photo-1556228578-8c89e6adf883?auto=format&fit=crop&w=900&q=80', ARRAY['Geladeiras', 'Eletrodomésticos']::text[], ARRAY[]::text[], ARRAY[]::text[], NULL, NULL, NULL, NULL, NULL, NULL, NULL, ARRAY[]::text[], ARRAY[]::text[], ARRAY['Unidade']::text[], true, 39, '2026-06-11T15:48:04.956944+00:00', '2026-06-11T15:48:04.956944+00:00') ON CONFLICT (id) DO NOTHING;
INSERT INTO public.products (id, slug, name, code, category_id, short_description, description, image, applications, purposes, sizes, thickness, material, width, length, finish, type_of_use, resistance, thickness_options, width_options, sale_unit_options, active, sort_order, created_at, updated_at) VALUES ('07e41cbc-31de-4136-9f59-ee27b4f64020', 'capacho-de-vinil', 'Capacho de Vinil', 'MA01', '6cae0908-c85a-428f-b661-f36caad12430', 'Capacho de vinil 100% PVC, antiderrapante, disponível em 27 cores.', 'Fabricado em PVC 100%, o Capacho de Vinil Márcio Alegre é a solução ideal para áreas de alto tráfego, oferecendo alta resistência, segurança e praticidade. Seu design vazado retém poeira e sujeira, mantendo o ambiente sempre limpo. Disponível em 27 cores para combinar com qualquer ambiente comercial ou residencial.', '/src/assets/products/capacho.jpg', ARRAY['Residências', 'Comércios', 'Escritórios', 'Condomínios', 'Recepções', 'Portarias']::text[], ARRAY['Para Decoração', 'Para Comércio', 'Para Uso Residencial', 'Para Proteção']::text[], ARRAY['1,20m x 12,00m (rolo)', 'Sob medida']::text[], '12 mm', '100% PVC fundido', '1,20m', 'Rolo de 12m ou corte sob medida', 'Vazado antiderrapante', 'Interno e Externo', 'Alta resistência ao tráfego intenso, lavável', ARRAY[]::text[], ARRAY['1,20m']::text[], ARRAY['Metro Linear', 'Rolo Fechado']::text[], true, 0, '2026-06-11T15:47:55.436053+00:00', '2026-06-11T16:14:27.927363+00:00') ON CONFLICT (id) DO NOTHING;

-- Product Variants (460 rows)
INSERT INTO public.product_variants (id, product_id, code, color, hex, image, thickness, width, sale_unit, sort_order, created_at) VALUES ('524f862b-0c05-433c-8269-c946bdb98c84', '07e41cbc-31de-4136-9f59-ee27b4f64020', 'MA01', 'Amarelo', '#F5C518', NULL, NULL, NULL, NULL, 0, '2026-06-11T15:47:55.556587+00:00') ON CONFLICT (id) DO NOTHING;
INSERT INTO public.product_variants (id, product_id, code, color, hex, image, thickness, width, sale_unit, sort_order, created_at) VALUES ('19143095-eb24-4ede-9c74-35103dbaeb49', '07e41cbc-31de-4136-9f59-ee27b4f64020', 'MA02', 'Azul Bebê', '#9EC8E8', NULL, NULL, NULL, NULL, 1, '2026-06-11T15:47:55.556587+00:00') ON CONFLICT (id) DO NOTHING;
INSERT INTO public.product_variants (id, product_id, code, color, hex, image, thickness, width, sale_unit, sort_order, created_at) VALUES ('e76ada94-115e-4a0e-bf83-50bc50591dcb', '07e41cbc-31de-4136-9f59-ee27b4f64020', 'MA03', 'Bege', '#C9A57A', NULL, NULL, NULL, NULL, 2, '2026-06-11T15:47:55.556587+00:00') ON CONFLICT (id) DO NOTHING;
INSERT INTO public.product_variants (id, product_id, code, color, hex, image, thickness, width, sale_unit, sort_order, created_at) VALUES ('93498f54-01cb-4696-9c20-43f0d12b846c', '07e41cbc-31de-4136-9f59-ee27b4f64020', 'MA04', 'Bordô', '#5B0E1A', NULL, NULL, NULL, NULL, 3, '2026-06-11T15:47:55.556587+00:00') ON CONFLICT (id) DO NOTHING;
INSERT INTO public.product_variants (id, product_id, code, color, hex, image, thickness, width, sale_unit, sort_order, created_at) VALUES ('0825214a-7770-4c06-abf1-1851d55181c1', '07e41cbc-31de-4136-9f59-ee27b4f64020', 'MA05', 'Branco', '#F4F4F2', NULL, NULL, NULL, NULL, 4, '2026-06-11T15:47:55.556587+00:00') ON CONFLICT (id) DO NOTHING;
INSERT INTO public.product_variants (id, product_id, code, color, hex, image, thickness, width, sale_unit, sort_order, created_at) VALUES ('d450e4e5-3dc6-4f6b-847f-ec7ee0e1b8d0', '07e41cbc-31de-4136-9f59-ee27b4f64020', 'MA06', 'Cerâmica', '#C97B5E', NULL, NULL, NULL, NULL, 5, '2026-06-11T15:47:55.556587+00:00') ON CONFLICT (id) DO NOTHING;
INSERT INTO public.product_variants (id, product_id, code, color, hex, image, thickness, width, sale_unit, sort_order, created_at) VALUES ('0bbb0f56-9c43-4c27-a373-44ce773b1629', '07e41cbc-31de-4136-9f59-ee27b4f64020', 'MA07', 'Cinza', '#8A8A8A', NULL, NULL, NULL, NULL, 6, '2026-06-11T15:47:55.556587+00:00') ON CONFLICT (id) DO NOTHING;
INSERT INTO public.product_variants (id, product_id, code, color, hex, image, thickness, width, sale_unit, sort_order, created_at) VALUES ('e6d9df78-3ef2-4464-865c-462e40514978', '07e41cbc-31de-4136-9f59-ee27b4f64020', 'MA08', 'Creme', '#EFE3CB', NULL, NULL, NULL, NULL, 7, '2026-06-11T15:47:55.556587+00:00') ON CONFLICT (id) DO NOTHING;
INSERT INTO public.product_variants (id, product_id, code, color, hex, image, thickness, width, sale_unit, sort_order, created_at) VALUES ('ea48ffb5-b2e4-4bf7-b0b4-3714034639ab', '07e41cbc-31de-4136-9f59-ee27b4f64020', 'MA09', 'Ferrari', '#D2241C', NULL, NULL, NULL, NULL, 8, '2026-06-11T15:47:55.556587+00:00') ON CONFLICT (id) DO NOTHING;
INSERT INTO public.product_variants (id, product_id, code, color, hex, image, thickness, width, sale_unit, sort_order, created_at) VALUES ('a1247802-c410-4182-a2c0-36d718a52128', '07e41cbc-31de-4136-9f59-ee27b4f64020', 'MA10', 'Grafite', '#3A3A3A', NULL, NULL, NULL, NULL, 9, '2026-06-11T15:47:55.556587+00:00') ON CONFLICT (id) DO NOTHING;
INSERT INTO public.product_variants (id, product_id, code, color, hex, image, thickness, width, sale_unit, sort_order, created_at) VALUES ('4ea7dbfd-8ef2-41ce-9ee2-6edf7ce4961e', '07e41cbc-31de-4136-9f59-ee27b4f64020', 'MA11', 'Laranja', '#E65100', NULL, NULL, NULL, NULL, 10, '2026-06-11T15:47:55.556587+00:00') ON CONFLICT (id) DO NOTHING;
INSERT INTO public.product_variants (id, product_id, code, color, hex, image, thickness, width, sale_unit, sort_order, created_at) VALUES ('b286042d-507c-4c7e-aa99-72946d24ea47', '07e41cbc-31de-4136-9f59-ee27b4f64020', 'MA12', 'Marinho', '#0D1B3D', NULL, NULL, NULL, NULL, 11, '2026-06-11T15:47:55.556587+00:00') ON CONFLICT (id) DO NOTHING;
INSERT INTO public.product_variants (id, product_id, code, color, hex, image, thickness, width, sale_unit, sort_order, created_at) VALUES ('0979b1f2-cef8-43a7-b5fa-eacd7ba55931', '07e41cbc-31de-4136-9f59-ee27b4f64020', 'MA13', 'Marítimo', '#1B4F72', NULL, NULL, NULL, NULL, 12, '2026-06-11T15:47:55.556587+00:00') ON CONFLICT (id) DO NOTHING;
INSERT INTO public.product_variants (id, product_id, code, color, hex, image, thickness, width, sale_unit, sort_order, created_at) VALUES ('5ea78bbf-1b14-4ff2-bc33-850765c90258', '07e41cbc-31de-4136-9f59-ee27b4f64020', 'MA14', 'Marrom', '#5D3A1A', NULL, NULL, NULL, NULL, 13, '2026-06-11T15:47:55.556587+00:00') ON CONFLICT (id) DO NOTHING;
INSERT INTO public.product_variants (id, product_id, code, color, hex, image, thickness, width, sale_unit, sort_order, created_at) VALUES ('62141c95-cb06-4ad7-a37c-1e13b1792ac5', '07e41cbc-31de-4136-9f59-ee27b4f64020', 'MA15', 'Ouro', '#C9A227', NULL, NULL, NULL, NULL, 14, '2026-06-11T15:47:55.556587+00:00') ON CONFLICT (id) DO NOTHING;
INSERT INTO public.product_variants (id, product_id, code, color, hex, image, thickness, width, sale_unit, sort_order, created_at) VALUES ('435931ee-c294-4fe6-bdd2-387fc1a9fb65', '07e41cbc-31de-4136-9f59-ee27b4f64020', 'MA16', 'Pink', '#E91E63', NULL, NULL, NULL, NULL, 15, '2026-06-11T15:47:55.556587+00:00') ON CONFLICT (id) DO NOTHING;
INSERT INTO public.product_variants (id, product_id, code, color, hex, image, thickness, width, sale_unit, sort_order, created_at) VALUES ('1502bafe-4187-435d-bfb1-b057f0e0c97f', '07e41cbc-31de-4136-9f59-ee27b4f64020', 'MA17', 'Prata', '#BFC3C7', NULL, NULL, NULL, NULL, 16, '2026-06-11T15:47:55.556587+00:00') ON CONFLICT (id) DO NOTHING;
INSERT INTO public.product_variants (id, product_id, code, color, hex, image, thickness, width, sale_unit, sort_order, created_at) VALUES ('07c8693f-2380-40b9-b992-f316b6f26972', '07e41cbc-31de-4136-9f59-ee27b4f64020', 'MA18', 'Preto', '#111111', NULL, NULL, NULL, NULL, 17, '2026-06-11T15:47:55.556587+00:00') ON CONFLICT (id) DO NOTHING;
INSERT INTO public.product_variants (id, product_id, code, color, hex, image, thickness, width, sale_unit, sort_order, created_at) VALUES ('47ab548b-017e-4e9d-904f-c0ebe1b13b58', '07e41cbc-31de-4136-9f59-ee27b4f64020', 'MA19', 'Vermelho', '#C81E1E', NULL, NULL, NULL, NULL, 18, '2026-06-11T15:47:55.556587+00:00') ON CONFLICT (id) DO NOTHING;
INSERT INTO public.product_variants (id, product_id, code, color, hex, image, thickness, width, sale_unit, sort_order, created_at) VALUES ('d568a111-a3f2-470a-b680-5ed8d4897037', '07e41cbc-31de-4136-9f59-ee27b4f64020', 'MA20', 'Roxo', '#6A1B9A', NULL, NULL, NULL, NULL, 19, '2026-06-11T15:47:55.556587+00:00') ON CONFLICT (id) DO NOTHING;
INSERT INTO public.product_variants (id, product_id, code, color, hex, image, thickness, width, sale_unit, sort_order, created_at) VALUES ('04d5fca0-1128-4b9f-8338-6beab7f449a9', '07e41cbc-31de-4136-9f59-ee27b4f64020', 'MA21', 'Royal', '#1E40AF', NULL, NULL, NULL, NULL, 20, '2026-06-11T15:47:55.556587+00:00') ON CONFLICT (id) DO NOTHING;
INSERT INTO public.product_variants (id, product_id, code, color, hex, image, thickness, width, sale_unit, sort_order, created_at) VALUES ('f9a76e3f-b161-4ab5-acdc-0cbff0fbf8c4', '07e41cbc-31de-4136-9f59-ee27b4f64020', 'MA22', 'Verde Água', '#7FD1B9', NULL, NULL, NULL, NULL, 21, '2026-06-11T15:47:55.556587+00:00') ON CONFLICT (id) DO NOTHING;
INSERT INTO public.product_variants (id, product_id, code, color, hex, image, thickness, width, sale_unit, sort_order, created_at) VALUES ('f961db0d-3e1c-4945-b3db-6b591ba4c83d', '07e41cbc-31de-4136-9f59-ee27b4f64020', 'MA23', 'Verde Bandeira', '#0E7B2A', NULL, NULL, NULL, NULL, 22, '2026-06-11T15:47:55.556587+00:00') ON CONFLICT (id) DO NOTHING;
INSERT INTO public.product_variants (id, product_id, code, color, hex, image, thickness, width, sale_unit, sort_order, created_at) VALUES ('06702ff9-4201-4d3d-a3ed-59c9d3fae6d0', '07e41cbc-31de-4136-9f59-ee27b4f64020', 'MA24', 'Verde Floresta', '#1B4332', NULL, NULL, NULL, NULL, 23, '2026-06-11T15:47:55.556587+00:00') ON CONFLICT (id) DO NOTHING;
INSERT INTO public.product_variants (id, product_id, code, color, hex, image, thickness, width, sale_unit, sort_order, created_at) VALUES ('7dc79e64-40c0-40e9-9848-a6aa20e85ddc', '07e41cbc-31de-4136-9f59-ee27b4f64020', 'MA25', 'Verde Limão', '#9ACD32', NULL, NULL, NULL, NULL, 24, '2026-06-11T15:47:55.556587+00:00') ON CONFLICT (id) DO NOTHING;
INSERT INTO public.product_variants (id, product_id, code, color, hex, image, thickness, width, sale_unit, sort_order, created_at) VALUES ('2d827764-1552-4982-a69c-fee941ab17b7', '07e41cbc-31de-4136-9f59-ee27b4f64020', 'MA26', 'Verde Musgo', '#4A5D23', NULL, NULL, NULL, NULL, 25, '2026-06-11T15:47:55.556587+00:00') ON CONFLICT (id) DO NOTHING;
INSERT INTO public.product_variants (id, product_id, code, color, hex, image, thickness, width, sale_unit, sort_order, created_at) VALUES ('c9a4e66d-2b9c-4b54-a758-18d878584965', '07e41cbc-31de-4136-9f59-ee27b4f64020', 'MA27', 'Verde Piscina', '#3FA9D6', NULL, NULL, NULL, NULL, 26, '2026-06-11T15:47:55.556587+00:00') ON CONFLICT (id) DO NOTHING;
INSERT INTO public.product_variants (id, product_id, code, color, hex, image, thickness, width, sale_unit, sort_order, created_at) VALUES ('d2a18129-913f-49ef-96e9-4235e2754634', 'bd029d71-28b7-4c73-b7db-994a5aa5b063', 'BG01', 'Amarelo', '#F5C518', NULL, NULL, NULL, NULL, 0, '2026-06-11T15:47:56.086994+00:00') ON CONFLICT (id) DO NOTHING;
INSERT INTO public.product_variants (id, product_id, code, color, hex, image, thickness, width, sale_unit, sort_order, created_at) VALUES ('6e8f35a7-3517-4119-a37c-07c8ecd98065', 'bd029d71-28b7-4c73-b7db-994a5aa5b063', 'BG02', 'Azul Baby', '#9EC8E8', NULL, NULL, NULL, NULL, 1, '2026-06-11T15:47:56.086994+00:00') ON CONFLICT (id) DO NOTHING;
INSERT INTO public.product_variants (id, product_id, code, color, hex, image, thickness, width, sale_unit, sort_order, created_at) VALUES ('02f3e072-3816-45bb-add5-0338fb413447', 'bd029d71-28b7-4c73-b7db-994a5aa5b063', 'BG03', 'Azul Royal', '#1E40AF', NULL, NULL, NULL, NULL, 2, '2026-06-11T15:47:56.086994+00:00') ON CONFLICT (id) DO NOTHING;
INSERT INTO public.product_variants (id, product_id, code, color, hex, image, thickness, width, sale_unit, sort_order, created_at) VALUES ('61dbba4f-cea7-4f10-9a53-b45f20020e68', 'bd029d71-28b7-4c73-b7db-994a5aa5b063', 'BG04', 'Bege', '#C9A57A', NULL, NULL, NULL, NULL, 3, '2026-06-11T15:47:56.086994+00:00') ON CONFLICT (id) DO NOTHING;
INSERT INTO public.product_variants (id, product_id, code, color, hex, image, thickness, width, sale_unit, sort_order, created_at) VALUES ('9d7e64b0-7969-4f3b-86d4-ad76ad48f7e2', 'bd029d71-28b7-4c73-b7db-994a5aa5b063', 'BG05', 'Branco', '#F4F4F2', NULL, NULL, NULL, NULL, 4, '2026-06-11T15:47:56.086994+00:00') ON CONFLICT (id) DO NOTHING;
INSERT INTO public.product_variants (id, product_id, code, color, hex, image, thickness, width, sale_unit, sort_order, created_at) VALUES ('10e8e8ef-edbd-4398-9bab-30b86deebbf4', 'bd029d71-28b7-4c73-b7db-994a5aa5b063', 'BG06', 'Chumbo', '#4A4A4A', NULL, NULL, NULL, NULL, 5, '2026-06-11T15:47:56.086994+00:00') ON CONFLICT (id) DO NOTHING;
INSERT INTO public.product_variants (id, product_id, code, color, hex, image, thickness, width, sale_unit, sort_order, created_at) VALUES ('d78f1a1e-6f6b-4025-a593-36c8051ebcba', 'bd029d71-28b7-4c73-b7db-994a5aa5b063', 'BG07', 'Cinza', '#8A8A8A', NULL, NULL, NULL, NULL, 6, '2026-06-11T15:47:56.086994+00:00') ON CONFLICT (id) DO NOTHING;
INSERT INTO public.product_variants (id, product_id, code, color, hex, image, thickness, width, sale_unit, sort_order, created_at) VALUES ('8bbb0f27-b496-4ac1-94db-3513166df461', 'bd029d71-28b7-4c73-b7db-994a5aa5b063', 'BG08', 'Laranja', '#E65100', NULL, NULL, NULL, NULL, 7, '2026-06-11T15:47:56.086994+00:00') ON CONFLICT (id) DO NOTHING;
INSERT INTO public.product_variants (id, product_id, code, color, hex, image, thickness, width, sale_unit, sort_order, created_at) VALUES ('e3bc3c9f-6033-48c3-be58-158eaa8ccead', 'bd029d71-28b7-4c73-b7db-994a5aa5b063', 'BG09', 'Lilás', '#C8A2C8', NULL, NULL, NULL, NULL, 8, '2026-06-11T15:47:56.086994+00:00') ON CONFLICT (id) DO NOTHING;
INSERT INTO public.product_variants (id, product_id, code, color, hex, image, thickness, width, sale_unit, sort_order, created_at) VALUES ('96dc7966-3737-4357-ac13-24cf6fb59dc8', 'bd029d71-28b7-4c73-b7db-994a5aa5b063', 'BG10', 'Marinho', '#0D1B3D', NULL, NULL, NULL, NULL, 9, '2026-06-11T15:47:56.086994+00:00') ON CONFLICT (id) DO NOTHING;
INSERT INTO public.product_variants (id, product_id, code, color, hex, image, thickness, width, sale_unit, sort_order, created_at) VALUES ('5069f4c6-fd13-4ba8-9b63-a9fccbe3691c', 'bd029d71-28b7-4c73-b7db-994a5aa5b063', 'BG11', 'Pink', '#E91E63', NULL, NULL, NULL, NULL, 10, '2026-06-11T15:47:56.086994+00:00') ON CONFLICT (id) DO NOTHING;
INSERT INTO public.product_variants (id, product_id, code, color, hex, image, thickness, width, sale_unit, sort_order, created_at) VALUES ('073c73cc-b13d-4625-adb5-5754c442b221', 'bd029d71-28b7-4c73-b7db-994a5aa5b063', 'BG12', 'Prata', '#BFC3C7', NULL, NULL, NULL, NULL, 11, '2026-06-11T15:47:56.086994+00:00') ON CONFLICT (id) DO NOTHING;
INSERT INTO public.product_variants (id, product_id, code, color, hex, image, thickness, width, sale_unit, sort_order, created_at) VALUES ('8701b8c7-97b1-46bc-ac9d-26d6a0a134d6', 'bd029d71-28b7-4c73-b7db-994a5aa5b063', 'BG13', 'Preto', '#111111', NULL, NULL, NULL, NULL, 12, '2026-06-11T15:47:56.086994+00:00') ON CONFLICT (id) DO NOTHING;
INSERT INTO public.product_variants (id, product_id, code, color, hex, image, thickness, width, sale_unit, sort_order, created_at) VALUES ('9a9d5273-e66f-4a59-a0b0-03f06ded8677', 'bd029d71-28b7-4c73-b7db-994a5aa5b063', 'BG14', 'Rosa Baby', '#F8C8DC', NULL, NULL, NULL, NULL, 13, '2026-06-11T15:47:56.086994+00:00') ON CONFLICT (id) DO NOTHING;
INSERT INTO public.product_variants (id, product_id, code, color, hex, image, thickness, width, sale_unit, sort_order, created_at) VALUES ('0754448a-f140-4bf3-b260-60eea05aa1b2', 'bd029d71-28b7-4c73-b7db-994a5aa5b063', 'BG15', 'Roxo', '#6A1B9A', NULL, NULL, NULL, NULL, 14, '2026-06-11T15:47:56.086994+00:00') ON CONFLICT (id) DO NOTHING;
INSERT INTO public.product_variants (id, product_id, code, color, hex, image, thickness, width, sale_unit, sort_order, created_at) VALUES ('b2cf1ac7-b7ff-4e87-83d3-c7dbe258618f', 'bd029d71-28b7-4c73-b7db-994a5aa5b063', 'BG16', 'Verde Baby', '#B7E4C7', NULL, NULL, NULL, NULL, 15, '2026-06-11T15:47:56.086994+00:00') ON CONFLICT (id) DO NOTHING;
INSERT INTO public.product_variants (id, product_id, code, color, hex, image, thickness, width, sale_unit, sort_order, created_at) VALUES ('aef921bd-4e91-4d60-af67-3f45963b9b99', 'bd029d71-28b7-4c73-b7db-994a5aa5b063', 'BG17', 'Verde Bandeira', '#0E7B2A', NULL, NULL, NULL, NULL, 16, '2026-06-11T15:47:56.086994+00:00') ON CONFLICT (id) DO NOTHING;
INSERT INTO public.product_variants (id, product_id, code, color, hex, image, thickness, width, sale_unit, sort_order, created_at) VALUES ('0ec4526c-ee16-4e7b-bba2-86972329ff28', 'bd029d71-28b7-4c73-b7db-994a5aa5b063', 'BG18', 'Verde Limão', '#9ACD32', NULL, NULL, NULL, NULL, 17, '2026-06-11T15:47:56.086994+00:00') ON CONFLICT (id) DO NOTHING;
INSERT INTO public.product_variants (id, product_id, code, color, hex, image, thickness, width, sale_unit, sort_order, created_at) VALUES ('61c58b5c-5add-4d80-a183-7b9467a3138a', 'bd029d71-28b7-4c73-b7db-994a5aa5b063', 'BG19', 'Vermelho', '#C81E1E', NULL, NULL, NULL, NULL, 18, '2026-06-11T15:47:56.086994+00:00') ON CONFLICT (id) DO NOTHING;
INSERT INTO public.product_variants (id, product_id, code, color, hex, image, thickness, width, sale_unit, sort_order, created_at) VALUES ('b3e6a42e-6276-4d8e-b285-8bf438551f87', '4272e4cd-e236-4762-823a-183570bab705', 'CR01', 'Amarelo', '#F5C518', NULL, NULL, NULL, NULL, 0, '2026-06-11T15:47:56.429734+00:00') ON CONFLICT (id) DO NOTHING;
INSERT INTO public.product_variants (id, product_id, code, color, hex, image, thickness, width, sale_unit, sort_order, created_at) VALUES ('8f82fd63-8e31-4f1d-8984-97883b7a69f5', '4272e4cd-e236-4762-823a-183570bab705', 'CR02', 'Areia', '#E4D2A6', NULL, NULL, NULL, NULL, 1, '2026-06-11T15:47:56.429734+00:00') ON CONFLICT (id) DO NOTHING;
INSERT INTO public.product_variants (id, product_id, code, color, hex, image, thickness, width, sale_unit, sort_order, created_at) VALUES ('fa5b3958-456e-4cf2-b2fb-7924c7599a5f', '4272e4cd-e236-4762-823a-183570bab705', 'CR03', 'Azul Bebê', '#9EC8E8', NULL, NULL, NULL, NULL, 2, '2026-06-11T15:47:56.429734+00:00') ON CONFLICT (id) DO NOTHING;
INSERT INTO public.product_variants (id, product_id, code, color, hex, image, thickness, width, sale_unit, sort_order, created_at) VALUES ('cc4ec4c1-4bf7-4528-900c-2abe1a33299e', '4272e4cd-e236-4762-823a-183570bab705', 'CR04', 'Azul Royal', '#1E40AF', NULL, NULL, NULL, NULL, 3, '2026-06-11T15:47:56.429734+00:00') ON CONFLICT (id) DO NOTHING;
INSERT INTO public.product_variants (id, product_id, code, color, hex, image, thickness, width, sale_unit, sort_order, created_at) VALUES ('e5c0c798-6499-4498-b95f-26a417151d85', '4272e4cd-e236-4762-823a-183570bab705', 'CR05', 'Bege', '#C9A57A', NULL, NULL, NULL, NULL, 4, '2026-06-11T15:47:56.429734+00:00') ON CONFLICT (id) DO NOTHING;
INSERT INTO public.product_variants (id, product_id, code, color, hex, image, thickness, width, sale_unit, sort_order, created_at) VALUES ('b1f9ca56-a98a-4ee6-ac51-2c7ef46a736f', '4272e4cd-e236-4762-823a-183570bab705', 'CR06', 'Branco', '#F4F4F2', NULL, NULL, NULL, NULL, 5, '2026-06-11T15:47:56.429734+00:00') ON CONFLICT (id) DO NOTHING;
INSERT INTO public.product_variants (id, product_id, code, color, hex, image, thickness, width, sale_unit, sort_order, created_at) VALUES ('ff3faca7-7033-42ea-8d7a-d789480173df', '4272e4cd-e236-4762-823a-183570bab705', 'CR07', 'Cinza', '#8A8A8A', NULL, NULL, NULL, NULL, 6, '2026-06-11T15:47:56.429734+00:00') ON CONFLICT (id) DO NOTHING;
INSERT INTO public.product_variants (id, product_id, code, color, hex, image, thickness, width, sale_unit, sort_order, created_at) VALUES ('11f2857e-7e6c-4058-ad62-5c7d13161824', '4272e4cd-e236-4762-823a-183570bab705', 'CR08', 'Creme', '#EFE3CB', NULL, NULL, NULL, NULL, 7, '2026-06-11T15:47:56.429734+00:00') ON CONFLICT (id) DO NOTHING;
INSERT INTO public.product_variants (id, product_id, code, color, hex, image, thickness, width, sale_unit, sort_order, created_at) VALUES ('7917dc59-bfe2-4778-9be7-99ca8dedb306', '4272e4cd-e236-4762-823a-183570bab705', 'CR09', 'Laranja', '#E65100', NULL, NULL, NULL, NULL, 8, '2026-06-11T15:47:56.429734+00:00') ON CONFLICT (id) DO NOTHING;
INSERT INTO public.product_variants (id, product_id, code, color, hex, image, thickness, width, sale_unit, sort_order, created_at) VALUES ('d3a03d1f-815c-49c2-966c-762bc3a0d480', '4272e4cd-e236-4762-823a-183570bab705', 'CR10', 'Lilás', '#C8A2C8', NULL, NULL, NULL, NULL, 9, '2026-06-11T15:47:56.429734+00:00') ON CONFLICT (id) DO NOTHING;
INSERT INTO public.product_variants (id, product_id, code, color, hex, image, thickness, width, sale_unit, sort_order, created_at) VALUES ('be02fa1c-2557-46ce-adee-047a90c6ad39', '4272e4cd-e236-4762-823a-183570bab705', 'CR11', 'Marinho', '#0D1B3D', NULL, NULL, NULL, NULL, 10, '2026-06-11T15:47:56.429734+00:00') ON CONFLICT (id) DO NOTHING;
INSERT INTO public.product_variants (id, product_id, code, color, hex, image, thickness, width, sale_unit, sort_order, created_at) VALUES ('91e12da3-2b78-4d8f-812a-b3ea80d4398f', '4272e4cd-e236-4762-823a-183570bab705', 'CR12', 'Marrom', '#5D3A1A', NULL, NULL, NULL, NULL, 11, '2026-06-11T15:47:56.429734+00:00') ON CONFLICT (id) DO NOTHING;
INSERT INTO public.product_variants (id, product_id, code, color, hex, image, thickness, width, sale_unit, sort_order, created_at) VALUES ('6c4063da-fe18-4508-a4fb-edba418a8b6c', '4272e4cd-e236-4762-823a-183570bab705', 'CR13', 'Mostarda', '#D4A017', NULL, NULL, NULL, NULL, 12, '2026-06-11T15:47:56.429734+00:00') ON CONFLICT (id) DO NOTHING;
INSERT INTO public.product_variants (id, product_id, code, color, hex, image, thickness, width, sale_unit, sort_order, created_at) VALUES ('b44ef157-d39d-4341-9f7a-2b65d6485ab6', '4272e4cd-e236-4762-823a-183570bab705', 'CR14', 'Prata', '#BFC3C7', NULL, NULL, NULL, NULL, 13, '2026-06-11T15:47:56.429734+00:00') ON CONFLICT (id) DO NOTHING;
INSERT INTO public.product_variants (id, product_id, code, color, hex, image, thickness, width, sale_unit, sort_order, created_at) VALUES ('ee3d99a1-2bcc-4a50-84f2-bd1bdde7a0a3', '4272e4cd-e236-4762-823a-183570bab705', 'CR15', 'Preto', '#111111', NULL, NULL, NULL, NULL, 14, '2026-06-11T15:47:56.429734+00:00') ON CONFLICT (id) DO NOTHING;
INSERT INTO public.product_variants (id, product_id, code, color, hex, image, thickness, width, sale_unit, sort_order, created_at) VALUES ('aa23be9b-43cc-42be-a4fb-d26dde7471be', '4272e4cd-e236-4762-823a-183570bab705', 'CR16', 'Rosa Bebê', '#F8C8DC', NULL, NULL, NULL, NULL, 15, '2026-06-11T15:47:56.429734+00:00') ON CONFLICT (id) DO NOTHING;
INSERT INTO public.product_variants (id, product_id, code, color, hex, image, thickness, width, sale_unit, sort_order, created_at) VALUES ('bd82b90e-4f7f-417b-bf4f-eacf51a6651f', '4272e4cd-e236-4762-823a-183570bab705', 'CR17', 'Roxo', '#6A1B9A', NULL, NULL, NULL, NULL, 16, '2026-06-11T15:47:56.429734+00:00') ON CONFLICT (id) DO NOTHING;
INSERT INTO public.product_variants (id, product_id, code, color, hex, image, thickness, width, sale_unit, sort_order, created_at) VALUES ('abbed4a2-5fe7-4dbf-be15-435fc2abd730', '4272e4cd-e236-4762-823a-183570bab705', 'CR18', 'Telha', '#B7410E', NULL, NULL, NULL, NULL, 17, '2026-06-11T15:47:56.429734+00:00') ON CONFLICT (id) DO NOTHING;
INSERT INTO public.product_variants (id, product_id, code, color, hex, image, thickness, width, sale_unit, sort_order, created_at) VALUES ('13983be5-8fd1-42ab-8f8a-d66f8440ddbc', '4272e4cd-e236-4762-823a-183570bab705', 'CR19', 'Uva', '#522D5B', NULL, NULL, NULL, NULL, 18, '2026-06-11T15:47:56.429734+00:00') ON CONFLICT (id) DO NOTHING;
INSERT INTO public.product_variants (id, product_id, code, color, hex, image, thickness, width, sale_unit, sort_order, created_at) VALUES ('f0babb18-3f54-463f-bbd8-7815d907d070', '4272e4cd-e236-4762-823a-183570bab705', 'CR20', 'Verde Limão', '#9ACD32', NULL, NULL, NULL, NULL, 19, '2026-06-11T15:47:56.429734+00:00') ON CONFLICT (id) DO NOTHING;
INSERT INTO public.product_variants (id, product_id, code, color, hex, image, thickness, width, sale_unit, sort_order, created_at) VALUES ('5d5e451f-76c1-4348-8e14-327b5a2def63', '4272e4cd-e236-4762-823a-183570bab705', 'CR21', 'Vermelho', '#C81E1E', NULL, NULL, NULL, NULL, 20, '2026-06-11T15:47:56.429734+00:00') ON CONFLICT (id) DO NOTHING;
INSERT INTO public.product_variants (id, product_id, code, color, hex, image, thickness, width, sale_unit, sort_order, created_at) VALUES ('0d90b1f3-7db9-48b5-a3a9-f8f1f3212f63', '4272e4cd-e236-4762-823a-183570bab705', 'CR22', 'Vinho', '#5B0E1A', NULL, NULL, NULL, NULL, 21, '2026-06-11T15:47:56.429734+00:00') ON CONFLICT (id) DO NOTHING;
INSERT INTO public.product_variants (id, product_id, code, color, hex, image, thickness, width, sale_unit, sort_order, created_at) VALUES ('c28d28c5-6deb-4e4d-bef6-709a02e049e7', 'a9449dc3-6ba3-4c92-a48a-38d2824ad7d8', 'NP01', 'Amarelo', '#F5C518', NULL, NULL, NULL, NULL, 0, '2026-06-11T15:47:56.764566+00:00') ON CONFLICT (id) DO NOTHING;
INSERT INTO public.product_variants (id, product_id, code, color, hex, image, thickness, width, sale_unit, sort_order, created_at) VALUES ('2dedbacc-41fd-4fe3-9135-80fcab615bc8', 'a9449dc3-6ba3-4c92-a48a-38d2824ad7d8', 'NP02', 'Azul Bebê', '#9EC8E8', NULL, NULL, NULL, NULL, 1, '2026-06-11T15:47:56.764566+00:00') ON CONFLICT (id) DO NOTHING;
INSERT INTO public.product_variants (id, product_id, code, color, hex, image, thickness, width, sale_unit, sort_order, created_at) VALUES ('bfbdaf46-2630-41b0-80cd-2dfc282fa961', 'a9449dc3-6ba3-4c92-a48a-38d2824ad7d8', 'NP03', 'Marinho', '#0D1B3D', NULL, NULL, NULL, NULL, 2, '2026-06-11T15:47:56.764566+00:00') ON CONFLICT (id) DO NOTHING;
INSERT INTO public.product_variants (id, product_id, code, color, hex, image, thickness, width, sale_unit, sort_order, created_at) VALUES ('6ce4d7ca-bafc-497d-86a6-460a22d99b07', 'a9449dc3-6ba3-4c92-a48a-38d2824ad7d8', 'NP04', 'Royal', '#1E40AF', NULL, NULL, NULL, NULL, 3, '2026-06-11T15:47:56.764566+00:00') ON CONFLICT (id) DO NOTHING;
INSERT INTO public.product_variants (id, product_id, code, color, hex, image, thickness, width, sale_unit, sort_order, created_at) VALUES ('cfd5b7c7-c0a5-4699-85f3-23f464674314', 'a9449dc3-6ba3-4c92-a48a-38d2824ad7d8', 'NP05', 'Bege', '#C9A57A', NULL, NULL, NULL, NULL, 4, '2026-06-11T15:47:56.764566+00:00') ON CONFLICT (id) DO NOTHING;
INSERT INTO public.product_variants (id, product_id, code, color, hex, image, thickness, width, sale_unit, sort_order, created_at) VALUES ('fc932ebe-801b-4826-81b1-eb41255f88bd', 'a9449dc3-6ba3-4c92-a48a-38d2824ad7d8', 'NP06', 'Branco', '#F4F4F2', NULL, NULL, NULL, NULL, 5, '2026-06-11T15:47:56.764566+00:00') ON CONFLICT (id) DO NOTHING;
INSERT INTO public.product_variants (id, product_id, code, color, hex, image, thickness, width, sale_unit, sort_order, created_at) VALUES ('c468c074-9f92-4adc-83db-4093732eb99a', 'a9449dc3-6ba3-4c92-a48a-38d2824ad7d8', 'NP07', 'Chumbo', '#4A4A4A', NULL, NULL, NULL, NULL, 6, '2026-06-11T15:47:56.764566+00:00') ON CONFLICT (id) DO NOTHING;
INSERT INTO public.product_variants (id, product_id, code, color, hex, image, thickness, width, sale_unit, sort_order, created_at) VALUES ('22e1fa40-a732-4f2a-8bfd-ccaa2f59b163', 'a9449dc3-6ba3-4c92-a48a-38d2824ad7d8', 'NP08', 'Cinza', '#8A8A8A', NULL, NULL, NULL, NULL, 7, '2026-06-11T15:47:56.764566+00:00') ON CONFLICT (id) DO NOTHING;
INSERT INTO public.product_variants (id, product_id, code, color, hex, image, thickness, width, sale_unit, sort_order, created_at) VALUES ('56191444-05ce-41c7-9049-4069e02cdd1c', 'a9449dc3-6ba3-4c92-a48a-38d2824ad7d8', 'NP09', 'Laranja', '#E65100', NULL, NULL, NULL, NULL, 8, '2026-06-11T15:47:56.764566+00:00') ON CONFLICT (id) DO NOTHING;
INSERT INTO public.product_variants (id, product_id, code, color, hex, image, thickness, width, sale_unit, sort_order, created_at) VALUES ('88eb4e54-e12d-4255-85ee-0de2dc027576', 'a9449dc3-6ba3-4c92-a48a-38d2824ad7d8', 'NP10', 'Pink', '#E91E63', NULL, NULL, NULL, NULL, 9, '2026-06-11T15:47:56.764566+00:00') ON CONFLICT (id) DO NOTHING;
INSERT INTO public.product_variants (id, product_id, code, color, hex, image, thickness, width, sale_unit, sort_order, created_at) VALUES ('38c2f417-376f-4186-8d29-6486dafef307', 'a9449dc3-6ba3-4c92-a48a-38d2824ad7d8', 'NP11', 'Prata', '#BFC3C7', NULL, NULL, NULL, NULL, 10, '2026-06-11T15:47:56.764566+00:00') ON CONFLICT (id) DO NOTHING;
INSERT INTO public.product_variants (id, product_id, code, color, hex, image, thickness, width, sale_unit, sort_order, created_at) VALUES ('947dfb1c-a6ee-4fa2-b490-4e292b4a9347', 'a9449dc3-6ba3-4c92-a48a-38d2824ad7d8', 'NP12', 'Preto', '#111111', NULL, NULL, NULL, NULL, 11, '2026-06-11T15:47:56.764566+00:00') ON CONFLICT (id) DO NOTHING;
INSERT INTO public.product_variants (id, product_id, code, color, hex, image, thickness, width, sale_unit, sort_order, created_at) VALUES ('e4c08156-d117-43e3-88be-38526e4a36e4', 'a9449dc3-6ba3-4c92-a48a-38d2824ad7d8', 'NP13', 'Roxo', '#6A1B9A', NULL, NULL, NULL, NULL, 12, '2026-06-11T15:47:56.764566+00:00') ON CONFLICT (id) DO NOTHING;
INSERT INTO public.product_variants (id, product_id, code, color, hex, image, thickness, width, sale_unit, sort_order, created_at) VALUES ('634c7cb8-9603-40f7-bd1f-e4c951d6ac67', 'a9449dc3-6ba3-4c92-a48a-38d2824ad7d8', 'NP14', 'Vermelho', '#C81E1E', NULL, NULL, NULL, NULL, 13, '2026-06-11T15:47:56.764566+00:00') ON CONFLICT (id) DO NOTHING;
INSERT INTO public.product_variants (id, product_id, code, color, hex, image, thickness, width, sale_unit, sort_order, created_at) VALUES ('4ee7f841-59f3-4412-a98d-649d2406518a', 'a9449dc3-6ba3-4c92-a48a-38d2824ad7d8', 'NP15', 'Verde Bandeira', '#0E7B2A', NULL, NULL, NULL, NULL, 14, '2026-06-11T15:47:56.764566+00:00') ON CONFLICT (id) DO NOTHING;
INSERT INTO public.product_variants (id, product_id, code, color, hex, image, thickness, width, sale_unit, sort_order, created_at) VALUES ('634c8c88-fa6b-4117-b9a9-d3c5cc0a5cda', 'a9449dc3-6ba3-4c92-a48a-38d2824ad7d8', 'NP16', 'Verde Limão', '#9ACD32', NULL, NULL, NULL, NULL, 15, '2026-06-11T15:47:56.764566+00:00') ON CONFLICT (id) DO NOTHING;
INSERT INTO public.product_variants (id, product_id, code, color, hex, image, thickness, width, sale_unit, sort_order, created_at) VALUES ('4e121b3c-c5be-40e9-8083-af6b3a7f113f', '4687fb01-6fd1-488a-bb48-9f033c9a6f28', 'NPE01', 'Lilás 1', '#C8A2C8', NULL, NULL, NULL, NULL, 0, '2026-06-11T15:47:57.099426+00:00') ON CONFLICT (id) DO NOTHING;
INSERT INTO public.product_variants (id, product_id, code, color, hex, image, thickness, width, sale_unit, sort_order, created_at) VALUES ('f846a69c-e35e-414d-ad32-84ace3f945b6', '4687fb01-6fd1-488a-bb48-9f033c9a6f28', 'NPE02', 'Verde 1', '#4A8F3A', NULL, NULL, NULL, NULL, 1, '2026-06-11T15:47:57.099426+00:00') ON CONFLICT (id) DO NOTHING;
INSERT INTO public.product_variants (id, product_id, code, color, hex, image, thickness, width, sale_unit, sort_order, created_at) VALUES ('5eabcec8-5a60-403f-a2e2-6fa71ae2267d', '532db2d3-f6b7-452e-a27c-02fc81488fed', 'GS01', 'Verde', '#2E7D32', NULL, NULL, NULL, NULL, 0, '2026-06-11T15:47:57.323697+00:00') ON CONFLICT (id) DO NOTHING;
INSERT INTO public.product_variants (id, product_id, code, color, hex, image, thickness, width, sale_unit, sort_order, created_at) VALUES ('27043dd1-4ac5-40b7-b616-4d296cdb4c3b', '532db2d3-f6b7-452e-a27c-02fc81488fed', 'GS02', 'Amarelo', '#F5C518', NULL, NULL, NULL, NULL, 1, '2026-06-11T15:47:57.323697+00:00') ON CONFLICT (id) DO NOTHING;
INSERT INTO public.product_variants (id, product_id, code, color, hex, image, thickness, width, sale_unit, sort_order, created_at) VALUES ('8524c3dc-01b8-448d-9490-81bde2426f34', '532db2d3-f6b7-452e-a27c-02fc81488fed', 'GS03', 'Preto', '#111111', NULL, NULL, NULL, NULL, 2, '2026-06-11T15:47:57.323697+00:00') ON CONFLICT (id) DO NOTHING;
INSERT INTO public.product_variants (id, product_id, code, color, hex, image, thickness, width, sale_unit, sort_order, created_at) VALUES ('4b799851-1677-437d-a079-b58cb5099944', '532db2d3-f6b7-452e-a27c-02fc81488fed', 'GS04', 'Branco', '#F4F4F2', NULL, NULL, NULL, NULL, 3, '2026-06-11T15:47:57.323697+00:00') ON CONFLICT (id) DO NOTHING;
INSERT INTO public.product_variants (id, product_id, code, color, hex, image, thickness, width, sale_unit, sort_order, created_at) VALUES ('2d92b6d5-9cc9-4dd7-8727-9844e8f446bc', '532db2d3-f6b7-452e-a27c-02fc81488fed', 'GS05', 'Vermelho', '#C81E1E', NULL, NULL, NULL, NULL, 4, '2026-06-11T15:47:57.323697+00:00') ON CONFLICT (id) DO NOTHING;
INSERT INTO public.product_variants (id, product_id, code, color, hex, image, thickness, width, sale_unit, sort_order, created_at) VALUES ('986e3ac7-253a-4029-837a-d7e205451f3e', '532db2d3-f6b7-452e-a27c-02fc81488fed', 'GS06', 'Azul Royal', '#1E40AF', NULL, NULL, NULL, NULL, 5, '2026-06-11T15:47:57.323697+00:00') ON CONFLICT (id) DO NOTHING;
INSERT INTO public.product_variants (id, product_id, code, color, hex, image, thickness, width, sale_unit, sort_order, created_at) VALUES ('d4b8ce94-0adb-48b5-8ad1-0bda34602e1a', '4c021c33-622a-4304-bf0e-f09187d26dea', 'BZ01', 'Amarelo', '#F5C518', NULL, NULL, NULL, NULL, 0, '2026-06-11T15:47:57.658424+00:00') ON CONFLICT (id) DO NOTHING;
INSERT INTO public.product_variants (id, product_id, code, color, hex, image, thickness, width, sale_unit, sort_order, created_at) VALUES ('0dc17122-c513-427c-aae3-6480db5aa989', '4c021c33-622a-4304-bf0e-f09187d26dea', 'BZ02', 'Azul Baby', '#9EC8E8', NULL, NULL, NULL, NULL, 1, '2026-06-11T15:47:57.658424+00:00') ON CONFLICT (id) DO NOTHING;
INSERT INTO public.product_variants (id, product_id, code, color, hex, image, thickness, width, sale_unit, sort_order, created_at) VALUES ('0bf2fad3-bdd4-40f8-a518-55c8671e8606', '4c021c33-622a-4304-bf0e-f09187d26dea', 'BZ03', 'Azul Royal', '#1E40AF', NULL, NULL, NULL, NULL, 2, '2026-06-11T15:47:57.658424+00:00') ON CONFLICT (id) DO NOTHING;
INSERT INTO public.product_variants (id, product_id, code, color, hex, image, thickness, width, sale_unit, sort_order, created_at) VALUES ('f553f88a-f6c6-44c8-9c52-28d2b697b153', '4c021c33-622a-4304-bf0e-f09187d26dea', 'BZ04', 'Bege', '#C9A57A', NULL, NULL, NULL, NULL, 3, '2026-06-11T15:47:57.658424+00:00') ON CONFLICT (id) DO NOTHING;
INSERT INTO public.product_variants (id, product_id, code, color, hex, image, thickness, width, sale_unit, sort_order, created_at) VALUES ('c4940415-7921-4626-afdf-c1fa9d2c750a', '4c021c33-622a-4304-bf0e-f09187d26dea', 'BZ05', 'Branco', '#F4F4F2', NULL, NULL, NULL, NULL, 4, '2026-06-11T15:47:57.658424+00:00') ON CONFLICT (id) DO NOTHING;
INSERT INTO public.product_variants (id, product_id, code, color, hex, image, thickness, width, sale_unit, sort_order, created_at) VALUES ('4a6572ff-d11b-4fbe-9116-0a0df7dde334', '4c021c33-622a-4304-bf0e-f09187d26dea', 'BZ06', 'Chumbo', '#4A4A4A', NULL, NULL, NULL, NULL, 5, '2026-06-11T15:47:57.658424+00:00') ON CONFLICT (id) DO NOTHING;
INSERT INTO public.product_variants (id, product_id, code, color, hex, image, thickness, width, sale_unit, sort_order, created_at) VALUES ('abd200bd-73f9-4497-a772-0dfbae22f537', '4c021c33-622a-4304-bf0e-f09187d26dea', 'BZ07', 'Cinza', '#8A8A8A', NULL, NULL, NULL, NULL, 6, '2026-06-11T15:47:57.658424+00:00') ON CONFLICT (id) DO NOTHING;
INSERT INTO public.product_variants (id, product_id, code, color, hex, image, thickness, width, sale_unit, sort_order, created_at) VALUES ('ad472e21-3842-402d-a974-dd7e80cb3ab3', '4c021c33-622a-4304-bf0e-f09187d26dea', 'BZ08', 'Laranja', '#E65100', NULL, NULL, NULL, NULL, 7, '2026-06-11T15:47:57.658424+00:00') ON CONFLICT (id) DO NOTHING;
INSERT INTO public.product_variants (id, product_id, code, color, hex, image, thickness, width, sale_unit, sort_order, created_at) VALUES ('85bac52b-7250-4952-a3bb-d8e464868914', '4c021c33-622a-4304-bf0e-f09187d26dea', 'BZ09', 'Lilás', '#C8A2C8', NULL, NULL, NULL, NULL, 8, '2026-06-11T15:47:57.658424+00:00') ON CONFLICT (id) DO NOTHING;
INSERT INTO public.product_variants (id, product_id, code, color, hex, image, thickness, width, sale_unit, sort_order, created_at) VALUES ('67cbae92-6a7c-448d-96cf-7b3e66c3d485', '4c021c33-622a-4304-bf0e-f09187d26dea', 'BZ10', 'Marinho', '#0D1B3D', NULL, NULL, NULL, NULL, 9, '2026-06-11T15:47:57.658424+00:00') ON CONFLICT (id) DO NOTHING;
INSERT INTO public.product_variants (id, product_id, code, color, hex, image, thickness, width, sale_unit, sort_order, created_at) VALUES ('357dc663-59e0-4ed3-b35a-e97e71402121', '4c021c33-622a-4304-bf0e-f09187d26dea', 'BZ11', 'Pink', '#E91E63', NULL, NULL, NULL, NULL, 10, '2026-06-11T15:47:57.658424+00:00') ON CONFLICT (id) DO NOTHING;
INSERT INTO public.product_variants (id, product_id, code, color, hex, image, thickness, width, sale_unit, sort_order, created_at) VALUES ('ad2cec07-eea9-4fad-8efe-6a6e2d4c7450', '4c021c33-622a-4304-bf0e-f09187d26dea', 'BZ12', 'Prata', '#BFC3C7', NULL, NULL, NULL, NULL, 11, '2026-06-11T15:47:57.658424+00:00') ON CONFLICT (id) DO NOTHING;
INSERT INTO public.product_variants (id, product_id, code, color, hex, image, thickness, width, sale_unit, sort_order, created_at) VALUES ('e56d90d0-7d12-4fd6-99a5-c8273b4dffa2', '4c021c33-622a-4304-bf0e-f09187d26dea', 'BZ13', 'Preto', '#111111', NULL, NULL, NULL, NULL, 12, '2026-06-11T15:47:57.658424+00:00') ON CONFLICT (id) DO NOTHING;
INSERT INTO public.product_variants (id, product_id, code, color, hex, image, thickness, width, sale_unit, sort_order, created_at) VALUES ('7e120632-492b-4846-a021-8fe9eba66ea1', '4c021c33-622a-4304-bf0e-f09187d26dea', 'BZ14', 'Rosa Baby', '#F8C8DC', NULL, NULL, NULL, NULL, 13, '2026-06-11T15:47:57.658424+00:00') ON CONFLICT (id) DO NOTHING;
INSERT INTO public.product_variants (id, product_id, code, color, hex, image, thickness, width, sale_unit, sort_order, created_at) VALUES ('b83d5989-d973-4ee0-aa2c-d696180e2922', '4c021c33-622a-4304-bf0e-f09187d26dea', 'BZ15', 'Roxo', '#6A1B9A', NULL, NULL, NULL, NULL, 14, '2026-06-11T15:47:57.658424+00:00') ON CONFLICT (id) DO NOTHING;
INSERT INTO public.product_variants (id, product_id, code, color, hex, image, thickness, width, sale_unit, sort_order, created_at) VALUES ('15630384-0276-4606-b13b-c44910c92c40', '4c021c33-622a-4304-bf0e-f09187d26dea', 'BZ16', 'Verde Baby', '#B7E4C7', NULL, NULL, NULL, NULL, 15, '2026-06-11T15:47:57.658424+00:00') ON CONFLICT (id) DO NOTHING;
INSERT INTO public.product_variants (id, product_id, code, color, hex, image, thickness, width, sale_unit, sort_order, created_at) VALUES ('f2ab8d94-0710-4a0b-a6f0-0fd6fdc655e9', '4c021c33-622a-4304-bf0e-f09187d26dea', 'BZ17', 'Verde Bandeira', '#0E7B2A', NULL, NULL, NULL, NULL, 16, '2026-06-11T15:47:57.658424+00:00') ON CONFLICT (id) DO NOTHING;
INSERT INTO public.product_variants (id, product_id, code, color, hex, image, thickness, width, sale_unit, sort_order, created_at) VALUES ('8ad7d47a-18b4-437b-a192-863e07487b74', '4c021c33-622a-4304-bf0e-f09187d26dea', 'BZ18', 'Verde Limão', '#9ACD32', NULL, NULL, NULL, NULL, 17, '2026-06-11T15:47:57.658424+00:00') ON CONFLICT (id) DO NOTHING;
INSERT INTO public.product_variants (id, product_id, code, color, hex, image, thickness, width, sale_unit, sort_order, created_at) VALUES ('39d193a7-3275-4aa7-bab4-93c71afab86f', '4c021c33-622a-4304-bf0e-f09187d26dea', 'BZ19', 'Vermelho', '#C81E1E', NULL, NULL, NULL, NULL, 18, '2026-06-11T15:47:57.658424+00:00') ON CONFLICT (id) DO NOTHING;
INSERT INTO public.product_variants (id, product_id, code, color, hex, image, thickness, width, sale_unit, sort_order, created_at) VALUES ('e5a2ccb1-2096-4227-a577-1eb458de658a', 'bbfafccd-7edc-4a54-adf8-c228308817e5', 'AD01', 'Preto', '#111111', NULL, NULL, NULL, NULL, 0, '2026-06-11T15:47:57.887659+00:00') ON CONFLICT (id) DO NOTHING;
INSERT INTO public.product_variants (id, product_id, code, color, hex, image, thickness, width, sale_unit, sort_order, created_at) VALUES ('875768d8-28b5-4f15-a5b1-9df9d735fa7b', 'bbfafccd-7edc-4a54-adf8-c228308817e5', 'AD02', 'Limão', '#9ACD32', NULL, NULL, NULL, NULL, 1, '2026-06-11T15:47:57.887659+00:00') ON CONFLICT (id) DO NOTHING;
INSERT INTO public.product_variants (id, product_id, code, color, hex, image, thickness, width, sale_unit, sort_order, created_at) VALUES ('21e8b7b4-60ff-4248-8fc5-b8246e594253', 'bbfafccd-7edc-4a54-adf8-c228308817e5', 'AD03', 'Laranja', '#E65100', NULL, NULL, NULL, NULL, 2, '2026-06-11T15:47:57.887659+00:00') ON CONFLICT (id) DO NOTHING;
INSERT INTO public.product_variants (id, product_id, code, color, hex, image, thickness, width, sale_unit, sort_order, created_at) VALUES ('9f82b118-046a-4d4e-8bc7-e07d310aa786', 'bbfafccd-7edc-4a54-adf8-c228308817e5', 'AD04', 'Azul', '#1E40AF', NULL, NULL, NULL, NULL, 3, '2026-06-11T15:47:57.887659+00:00') ON CONFLICT (id) DO NOTHING;
INSERT INTO public.product_variants (id, product_id, code, color, hex, image, thickness, width, sale_unit, sort_order, created_at) VALUES ('394e159c-6e8c-40aa-8e48-ca03dac5679c', 'bbfafccd-7edc-4a54-adf8-c228308817e5', 'AD05', 'Roxo', '#6A1B9A', NULL, NULL, NULL, NULL, 4, '2026-06-11T15:47:57.887659+00:00') ON CONFLICT (id) DO NOTHING;
INSERT INTO public.product_variants (id, product_id, code, color, hex, image, thickness, width, sale_unit, sort_order, created_at) VALUES ('9a934163-eb5a-40b6-956d-b8e7901c578e', 'bbfafccd-7edc-4a54-adf8-c228308817e5', 'AD06', 'Branco', '#F4F4F2', NULL, NULL, NULL, NULL, 5, '2026-06-11T15:47:57.887659+00:00') ON CONFLICT (id) DO NOTHING;
INSERT INTO public.product_variants (id, product_id, code, color, hex, image, thickness, width, sale_unit, sort_order, created_at) VALUES ('248ccc72-dea5-4c8b-85e5-5c3d54d4801b', 'bbfafccd-7edc-4a54-adf8-c228308817e5', 'AD07', 'Bege', '#C9A57A', NULL, NULL, NULL, NULL, 6, '2026-06-11T15:47:57.887659+00:00') ON CONFLICT (id) DO NOTHING;
INSERT INTO public.product_variants (id, product_id, code, color, hex, image, thickness, width, sale_unit, sort_order, created_at) VALUES ('bd4a8348-89d3-41b5-a7e5-a93d88caf9bc', 'eb1f15c5-8313-4e1c-847b-3bf19d8b0962', 'BL01', 'Branco', '#F4F4F2', NULL, NULL, NULL, NULL, 0, '2026-06-11T15:47:58.293255+00:00') ON CONFLICT (id) DO NOTHING;
INSERT INTO public.product_variants (id, product_id, code, color, hex, image, thickness, width, sale_unit, sort_order, created_at) VALUES ('d89d991b-c8d7-4a61-8fe1-af3ba98646ec', 'eb1f15c5-8313-4e1c-847b-3bf19d8b0962', 'BL02', 'Bege', '#C9A57A', NULL, NULL, NULL, NULL, 1, '2026-06-11T15:47:58.293255+00:00') ON CONFLICT (id) DO NOTHING;
INSERT INTO public.product_variants (id, product_id, code, color, hex, image, thickness, width, sale_unit, sort_order, created_at) VALUES ('2c119db9-9666-4e62-a0b4-bfc1aa30bd96', 'd2fa924c-95db-4f63-a816-0b0d5fe9e43d', 'PSC01', 'Branco', '#F4F4F2', NULL, NULL, NULL, NULL, 0, '2026-06-11T15:47:58.519959+00:00') ON CONFLICT (id) DO NOTHING;
INSERT INTO public.product_variants (id, product_id, code, color, hex, image, thickness, width, sale_unit, sort_order, created_at) VALUES ('660dd4be-7dd6-4751-be2e-6ce32c4a6278', 'd2fa924c-95db-4f63-a816-0b0d5fe9e43d', 'PSC02', 'Vermelho', '#C81E1E', NULL, NULL, NULL, NULL, 1, '2026-06-11T15:47:58.519959+00:00') ON CONFLICT (id) DO NOTHING;
INSERT INTO public.product_variants (id, product_id, code, color, hex, image, thickness, width, sale_unit, sort_order, created_at) VALUES ('784f6b7e-d279-486a-89f0-7ee22322e7aa', 'd2fa924c-95db-4f63-a816-0b0d5fe9e43d', 'PSC03', 'Grená', '#7A1F1F', NULL, NULL, NULL, NULL, 2, '2026-06-11T15:47:58.519959+00:00') ON CONFLICT (id) DO NOTHING;
INSERT INTO public.product_variants (id, product_id, code, color, hex, image, thickness, width, sale_unit, sort_order, created_at) VALUES ('9c4f25d6-8742-4ca7-bc22-099a27ea3e91', 'd2fa924c-95db-4f63-a816-0b0d5fe9e43d', 'PSC04', 'Bege', '#C9A57A', NULL, NULL, NULL, NULL, 3, '2026-06-11T15:47:58.519959+00:00') ON CONFLICT (id) DO NOTHING;
INSERT INTO public.product_variants (id, product_id, code, color, hex, image, thickness, width, sale_unit, sort_order, created_at) VALUES ('39879a10-1db6-444c-bf64-f28512240337', 'd2fa924c-95db-4f63-a816-0b0d5fe9e43d', 'PSC05', 'Fumê', '#3F3F3F', NULL, NULL, NULL, NULL, 4, '2026-06-11T15:47:58.519959+00:00') ON CONFLICT (id) DO NOTHING;
INSERT INTO public.product_variants (id, product_id, code, color, hex, image, thickness, width, sale_unit, sort_order, created_at) VALUES ('1e00d4c4-80a2-4e58-b611-d633a8ceddaf', 'd2fa924c-95db-4f63-a816-0b0d5fe9e43d', 'PSC06', 'Marrom', '#5D3A1A', NULL, NULL, NULL, NULL, 5, '2026-06-11T15:47:58.519959+00:00') ON CONFLICT (id) DO NOTHING;
INSERT INTO public.product_variants (id, product_id, code, color, hex, image, thickness, width, sale_unit, sort_order, created_at) VALUES ('c2b75de3-7877-47e8-85d5-8a33c5abf7c5', 'd2fa924c-95db-4f63-a816-0b0d5fe9e43d', 'PSC07', 'Musgo', '#4A5D23', NULL, NULL, NULL, NULL, 6, '2026-06-11T15:47:58.519959+00:00') ON CONFLICT (id) DO NOTHING;
INSERT INTO public.product_variants (id, product_id, code, color, hex, image, thickness, width, sale_unit, sort_order, created_at) VALUES ('bc590d23-66f7-4435-99aa-8e0c86be84a7', 'd2fa924c-95db-4f63-a816-0b0d5fe9e43d', 'PSC08', 'Azul', '#1E40AF', NULL, NULL, NULL, NULL, 7, '2026-06-11T15:47:58.519959+00:00') ON CONFLICT (id) DO NOTHING;
INSERT INTO public.product_variants (id, product_id, code, color, hex, image, thickness, width, sale_unit, sort_order, created_at) VALUES ('2ee8b8a2-c550-4a9c-ab65-445684999aec', 'd2fa924c-95db-4f63-a816-0b0d5fe9e43d', 'PSC09', 'Cinza 915', '#A0A0A0', NULL, NULL, NULL, NULL, 8, '2026-06-11T15:47:58.519959+00:00') ON CONFLICT (id) DO NOTHING;
INSERT INTO public.product_variants (id, product_id, code, color, hex, image, thickness, width, sale_unit, sort_order, created_at) VALUES ('485bfc45-7fba-4c00-aa00-fed6c03ed9b5', 'd2fa924c-95db-4f63-a816-0b0d5fe9e43d', 'PSC10', 'Cinza 076', '#7A7A7A', NULL, NULL, NULL, NULL, 9, '2026-06-11T15:47:58.519959+00:00') ON CONFLICT (id) DO NOTHING;
INSERT INTO public.product_variants (id, product_id, code, color, hex, image, thickness, width, sale_unit, sort_order, created_at) VALUES ('d6a8dc94-4c3e-492c-9865-b010a07b6448', 'd2fa924c-95db-4f63-a816-0b0d5fe9e43d', 'PSC11', 'Cinza 077', '#9A9A9A', NULL, NULL, NULL, NULL, 10, '2026-06-11T15:47:58.519959+00:00') ON CONFLICT (id) DO NOTHING;
INSERT INTO public.product_variants (id, product_id, code, color, hex, image, thickness, width, sale_unit, sort_order, created_at) VALUES ('f484a466-a370-4c68-afb9-b2ab99c7e6d2', 'd2fa924c-95db-4f63-a816-0b0d5fe9e43d', 'PSC12', 'Cinza VW', '#888888', NULL, NULL, NULL, NULL, 11, '2026-06-11T15:47:58.519959+00:00') ON CONFLICT (id) DO NOTHING;
INSERT INTO public.product_variants (id, product_id, code, color, hex, image, thickness, width, sale_unit, sort_order, created_at) VALUES ('c5e92875-bc05-4727-98dd-3f15b354a2d4', 'd2fa924c-95db-4f63-a816-0b0d5fe9e43d', 'PSC13', 'Grafite', '#3A3A3A', NULL, NULL, NULL, NULL, 12, '2026-06-11T15:47:58.519959+00:00') ON CONFLICT (id) DO NOTHING;
INSERT INTO public.product_variants (id, product_id, code, color, hex, image, thickness, width, sale_unit, sort_order, created_at) VALUES ('1acd5cb6-d669-4961-9efe-298c6b41b58c', 'd2fa924c-95db-4f63-a816-0b0d5fe9e43d', 'PSC14', 'Automotivo', '#2A2A2A', NULL, NULL, NULL, NULL, 13, '2026-06-11T15:47:58.519959+00:00') ON CONFLICT (id) DO NOTHING;
INSERT INTO public.product_variants (id, product_id, code, color, hex, image, thickness, width, sale_unit, sort_order, created_at) VALUES ('1baecd35-bfa6-4ebc-8355-561b51b6171c', 'd2fa924c-95db-4f63-a816-0b0d5fe9e43d', 'PSC15', 'Preto', '#111111', NULL, NULL, NULL, NULL, 14, '2026-06-11T15:47:58.519959+00:00') ON CONFLICT (id) DO NOTHING;
INSERT INTO public.product_variants (id, product_id, code, color, hex, image, thickness, width, sale_unit, sort_order, created_at) VALUES ('c0314bfc-0ca2-4d6a-808c-e35ae2e99155', '7010d31e-4c01-42a3-add4-63524c686a2c', 'FR01', 'Grafite', '#3A3A3A', NULL, NULL, NULL, NULL, 0, '2026-06-11T15:47:58.740723+00:00') ON CONFLICT (id) DO NOTHING;
INSERT INTO public.product_variants (id, product_id, code, color, hex, image, thickness, width, sale_unit, sort_order, created_at) VALUES ('07390c82-963f-4021-8950-6cf6c4a15f7f', '7010d31e-4c01-42a3-add4-63524c686a2c', 'FR02', 'Preto', '#111111', NULL, NULL, NULL, NULL, 1, '2026-06-11T15:47:58.740723+00:00') ON CONFLICT (id) DO NOTHING;
INSERT INTO public.product_variants (id, product_id, code, color, hex, image, thickness, width, sale_unit, sort_order, created_at) VALUES ('632f7c39-1c17-46cf-b44f-1207230ba6cc', '7010d31e-4c01-42a3-add4-63524c686a2c', 'FR03', 'Cinza', '#8A8A8A', NULL, NULL, NULL, NULL, 2, '2026-06-11T15:47:58.740723+00:00') ON CONFLICT (id) DO NOTHING;
INSERT INTO public.product_variants (id, product_id, code, color, hex, image, thickness, width, sale_unit, sort_order, created_at) VALUES ('f6af19b8-b823-405c-926c-58beb7908564', '7010d31e-4c01-42a3-add4-63524c686a2c', 'FR04', 'Azul Curaça', '#00A6CB', NULL, NULL, NULL, NULL, 3, '2026-06-11T15:47:58.740723+00:00') ON CONFLICT (id) DO NOTHING;
INSERT INTO public.product_variants (id, product_id, code, color, hex, image, thickness, width, sale_unit, sort_order, created_at) VALUES ('4e86393b-5686-4372-9061-dd3fe5482675', '7010d31e-4c01-42a3-add4-63524c686a2c', 'FR05', 'Castor', '#8B5A2B', NULL, NULL, NULL, NULL, 4, '2026-06-11T15:47:58.740723+00:00') ON CONFLICT (id) DO NOTHING;
INSERT INTO public.product_variants (id, product_id, code, color, hex, image, thickness, width, sale_unit, sort_order, created_at) VALUES ('f59fdb31-e92b-4da2-9a9d-4a85c00a10f8', '7010d31e-4c01-42a3-add4-63524c686a2c', 'FR06', 'Camelo', '#C19A6B', NULL, NULL, NULL, NULL, 5, '2026-06-11T15:47:58.740723+00:00') ON CONFLICT (id) DO NOTHING;
INSERT INTO public.product_variants (id, product_id, code, color, hex, image, thickness, width, sale_unit, sort_order, created_at) VALUES ('bac27eb9-c4dc-49c8-b999-cc031a398aa9', '7010d31e-4c01-42a3-add4-63524c686a2c', 'FR07', 'Bege', '#C9A57A', NULL, NULL, NULL, NULL, 6, '2026-06-11T15:47:58.740723+00:00') ON CONFLICT (id) DO NOTHING;
INSERT INTO public.product_variants (id, product_id, code, color, hex, image, thickness, width, sale_unit, sort_order, created_at) VALUES ('83ba092b-947f-445f-9e3e-3ad080013054', '7010d31e-4c01-42a3-add4-63524c686a2c', 'FR08', 'Musgo', '#4A5D23', NULL, NULL, NULL, NULL, 7, '2026-06-11T15:47:58.740723+00:00') ON CONFLICT (id) DO NOTHING;
INSERT INTO public.product_variants (id, product_id, code, color, hex, image, thickness, width, sale_unit, sort_order, created_at) VALUES ('5c073c93-ee1a-4c22-b42c-c0475c397de5', '7010d31e-4c01-42a3-add4-63524c686a2c', 'FR09', 'Vermelho', '#C81E1E', NULL, NULL, NULL, NULL, 8, '2026-06-11T15:47:58.740723+00:00') ON CONFLICT (id) DO NOTHING;
INSERT INTO public.product_variants (id, product_id, code, color, hex, image, thickness, width, sale_unit, sort_order, created_at) VALUES ('18a0b0a7-d5c9-4a53-b4d1-26a8ad7bb928', '7010d31e-4c01-42a3-add4-63524c686a2c', 'FR10', 'Cereja', '#9B111E', NULL, NULL, NULL, NULL, 9, '2026-06-11T15:47:58.740723+00:00') ON CONFLICT (id) DO NOTHING;
INSERT INTO public.product_variants (id, product_id, code, color, hex, image, thickness, width, sale_unit, sort_order, created_at) VALUES ('28b20e41-eb22-4a03-a532-f585323fbda4', '7010d31e-4c01-42a3-add4-63524c686a2c', 'FR11', 'Branco', '#F4F4F2', NULL, NULL, NULL, NULL, 10, '2026-06-11T15:47:58.740723+00:00') ON CONFLICT (id) DO NOTHING;
INSERT INTO public.product_variants (id, product_id, code, color, hex, image, thickness, width, sale_unit, sort_order, created_at) VALUES ('d16adc1e-072a-4fa1-8006-6d900b5ff90e', '7010d31e-4c01-42a3-add4-63524c686a2c', 'FR12', 'Roxo', '#6A1B9A', NULL, NULL, NULL, NULL, 11, '2026-06-11T15:47:58.740723+00:00') ON CONFLICT (id) DO NOTHING;
INSERT INTO public.product_variants (id, product_id, code, color, hex, image, thickness, width, sale_unit, sort_order, created_at) VALUES ('2def9591-7b75-440e-b4fd-316086bf51f9', '7010d31e-4c01-42a3-add4-63524c686a2c', 'FR13', 'Vinho', '#5B0E1A', NULL, NULL, NULL, NULL, 12, '2026-06-11T15:47:58.740723+00:00') ON CONFLICT (id) DO NOTHING;
INSERT INTO public.product_variants (id, product_id, code, color, hex, image, thickness, width, sale_unit, sort_order, created_at) VALUES ('1b6e5eef-0b8b-4600-a673-153ea794e96b', '7010d31e-4c01-42a3-add4-63524c686a2c', 'FR14', 'Amarelo', '#F5C518', NULL, NULL, NULL, NULL, 13, '2026-06-11T15:47:58.740723+00:00') ON CONFLICT (id) DO NOTHING;
INSERT INTO public.product_variants (id, product_id, code, color, hex, image, thickness, width, sale_unit, sort_order, created_at) VALUES ('76376163-5629-4a37-adbf-aaf54d22e6b0', '7010d31e-4c01-42a3-add4-63524c686a2c', 'FR15', 'Azul Royal', '#1E40AF', NULL, NULL, NULL, NULL, 14, '2026-06-11T15:47:58.740723+00:00') ON CONFLICT (id) DO NOTHING;
INSERT INTO public.product_variants (id, product_id, code, color, hex, image, thickness, width, sale_unit, sort_order, created_at) VALUES ('6598adf2-710f-46d4-8e2f-8b01d697bbf8', '7010d31e-4c01-42a3-add4-63524c686a2c', 'FR16', 'Verde Bandeira', '#0E7B2A', NULL, NULL, NULL, NULL, 15, '2026-06-11T15:47:58.740723+00:00') ON CONFLICT (id) DO NOTHING;
INSERT INTO public.product_variants (id, product_id, code, color, hex, image, thickness, width, sale_unit, sort_order, created_at) VALUES ('3e409780-776e-4a55-abf7-aeac59ae3848', '7010d31e-4c01-42a3-add4-63524c686a2c', 'FR17', 'Laranja', '#E65100', NULL, NULL, NULL, NULL, 16, '2026-06-11T15:47:58.740723+00:00') ON CONFLICT (id) DO NOTHING;
INSERT INTO public.product_variants (id, product_id, code, color, hex, image, thickness, width, sale_unit, sort_order, created_at) VALUES ('b0c4d26b-f81b-40a2-862c-3ef7e11e3c20', '7010d31e-4c01-42a3-add4-63524c686a2c', 'FR18', 'Pink', '#E91E63', NULL, NULL, NULL, NULL, 17, '2026-06-11T15:47:58.740723+00:00') ON CONFLICT (id) DO NOTHING;
INSERT INTO public.product_variants (id, product_id, code, color, hex, image, thickness, width, sale_unit, sort_order, created_at) VALUES ('16132688-31da-4710-9c25-48eda8f4b343', '7010d31e-4c01-42a3-add4-63524c686a2c', 'FR19', 'Turquesa', '#1ABC9C', NULL, NULL, NULL, NULL, 18, '2026-06-11T15:47:58.740723+00:00') ON CONFLICT (id) DO NOTHING;
INSERT INTO public.product_variants (id, product_id, code, color, hex, image, thickness, width, sale_unit, sort_order, created_at) VALUES ('741185dd-105b-416d-82af-717e9d74b0f8', '8aecc440-a811-4f57-8b52-3b08e8ecf7de', 'DU01', 'Mãozinhas', '#F8C8DC', NULL, NULL, NULL, NULL, 0, '2026-06-11T15:47:58.965617+00:00') ON CONFLICT (id) DO NOTHING;
INSERT INTO public.product_variants (id, product_id, code, color, hex, image, thickness, width, sale_unit, sort_order, created_at) VALUES ('e5af2df5-05c0-495c-92c9-ac6f43edf928', '8aecc440-a811-4f57-8b52-3b08e8ecf7de', 'DU02', 'Cidade', '#8A8A8A', NULL, NULL, NULL, NULL, 1, '2026-06-11T15:47:58.965617+00:00') ON CONFLICT (id) DO NOTHING;
INSERT INTO public.product_variants (id, product_id, code, color, hex, image, thickness, width, sale_unit, sort_order, created_at) VALUES ('8fe3e08f-e15d-4d5d-876a-9b2887857c61', '8aecc440-a811-4f57-8b52-3b08e8ecf7de', 'DU03', 'Abecedário', '#F5C518', NULL, NULL, NULL, NULL, 2, '2026-06-11T15:47:58.965617+00:00') ON CONFLICT (id) DO NOTHING;
INSERT INTO public.product_variants (id, product_id, code, color, hex, image, thickness, width, sale_unit, sort_order, created_at) VALUES ('b9acdce2-bfda-4c77-82de-629000dd105d', '8aecc440-a811-4f57-8b52-3b08e8ecf7de', 'DU04', 'Espaço', '#0D1B3D', NULL, NULL, NULL, NULL, 3, '2026-06-11T15:47:58.965617+00:00') ON CONFLICT (id) DO NOTHING;
INSERT INTO public.product_variants (id, product_id, code, color, hex, image, thickness, width, sale_unit, sort_order, created_at) VALUES ('d5ec207b-6e5e-4dac-af7b-232d5528c1f6', '8aecc440-a811-4f57-8b52-3b08e8ecf7de', 'DU05', 'Labirinto', '#1E40AF', NULL, NULL, NULL, NULL, 4, '2026-06-11T15:47:58.965617+00:00') ON CONFLICT (id) DO NOTHING;
INSERT INTO public.product_variants (id, product_id, code, color, hex, image, thickness, width, sale_unit, sort_order, created_at) VALUES ('a3a22579-c53b-426a-9c93-46fa3f221496', '8aecc440-a811-4f57-8b52-3b08e8ecf7de', 'DU06', 'Estrada', '#3A3A3A', NULL, NULL, NULL, NULL, 5, '2026-06-11T15:47:58.965617+00:00') ON CONFLICT (id) DO NOTHING;
INSERT INTO public.product_variants (id, product_id, code, color, hex, image, thickness, width, sale_unit, sort_order, created_at) VALUES ('43360383-e1e8-4d91-92f7-09106a6c1584', '8aecc440-a811-4f57-8b52-3b08e8ecf7de', 'DU07', 'Letras', '#E91E63', NULL, NULL, NULL, NULL, 6, '2026-06-11T15:47:58.965617+00:00') ON CONFLICT (id) DO NOTHING;
INSERT INTO public.product_variants (id, product_id, code, color, hex, image, thickness, width, sale_unit, sort_order, created_at) VALUES ('42ab8555-3658-4a4a-8d4c-66efc86db193', '8aecc440-a811-4f57-8b52-3b08e8ecf7de', 'DU08', 'Bolas', '#C81E1E', NULL, NULL, NULL, NULL, 7, '2026-06-11T15:47:58.965617+00:00') ON CONFLICT (id) DO NOTHING;
INSERT INTO public.product_variants (id, product_id, code, color, hex, image, thickness, width, sale_unit, sort_order, created_at) VALUES ('7dc80d05-59b8-48a3-bd95-44605a6087a9', '1b67fcb8-1cce-482d-9b59-71c6d8a6a312', 'LT01', 'Amarelo', '#F5C518', NULL, NULL, NULL, NULL, 0, '2026-06-11T15:47:59.416663+00:00') ON CONFLICT (id) DO NOTHING;
INSERT INTO public.product_variants (id, product_id, code, color, hex, image, thickness, width, sale_unit, sort_order, created_at) VALUES ('a40381e0-3656-453a-ab76-397526c6b498', '1b67fcb8-1cce-482d-9b59-71c6d8a6a312', 'LT02', 'Azul Royal', '#1E40AF', NULL, NULL, NULL, NULL, 1, '2026-06-11T15:47:59.416663+00:00') ON CONFLICT (id) DO NOTHING;
INSERT INTO public.product_variants (id, product_id, code, color, hex, image, thickness, width, sale_unit, sort_order, created_at) VALUES ('ab27a3bc-45f6-493b-ba1e-ecccd1f0a1b9', '1b67fcb8-1cce-482d-9b59-71c6d8a6a312', 'LT03', 'Verde Claro', '#A8E6A2', NULL, NULL, NULL, NULL, 2, '2026-06-11T15:47:59.416663+00:00') ON CONFLICT (id) DO NOTHING;
INSERT INTO public.product_variants (id, product_id, code, color, hex, image, thickness, width, sale_unit, sort_order, created_at) VALUES ('cbfaf1a9-7f93-45fe-a8ac-257e9ba07b84', '1b67fcb8-1cce-482d-9b59-71c6d8a6a312', 'LT04', 'Verde Escuro', '#0B5D1E', NULL, NULL, NULL, NULL, 3, '2026-06-11T15:47:59.416663+00:00') ON CONFLICT (id) DO NOTHING;
INSERT INTO public.product_variants (id, product_id, code, color, hex, image, thickness, width, sale_unit, sort_order, created_at) VALUES ('e49e5012-8b5a-4847-959f-79331992fc14', '1b67fcb8-1cce-482d-9b59-71c6d8a6a312', 'LT05', 'Branco', '#F4F4F2', NULL, NULL, NULL, NULL, 4, '2026-06-11T15:47:59.416663+00:00') ON CONFLICT (id) DO NOTHING;
INSERT INTO public.product_variants (id, product_id, code, color, hex, image, thickness, width, sale_unit, sort_order, created_at) VALUES ('a5295f13-5d7c-4f2c-a7ba-1875a06073a2', '1b67fcb8-1cce-482d-9b59-71c6d8a6a312', 'LT06', 'Azul Claro', '#9EC8E8', NULL, NULL, NULL, NULL, 5, '2026-06-11T15:47:59.416663+00:00') ON CONFLICT (id) DO NOTHING;
INSERT INTO public.product_variants (id, product_id, code, color, hex, image, thickness, width, sale_unit, sort_order, created_at) VALUES ('cb683305-b8c0-4abd-ba17-297c6c0d631a', '1b67fcb8-1cce-482d-9b59-71c6d8a6a312', 'LT07', 'Vermelho', '#C81E1E', NULL, NULL, NULL, NULL, 6, '2026-06-11T15:47:59.416663+00:00') ON CONFLICT (id) DO NOTHING;
INSERT INTO public.product_variants (id, product_id, code, color, hex, image, thickness, width, sale_unit, sort_order, created_at) VALUES ('bf46a2c9-63e9-4a66-8d28-85a42c41277f', '5f3092db-8dca-4058-b787-6ee760b1a0fc', 'LB01', 'Amarelo', '#F5C518', NULL, NULL, NULL, NULL, 0, '2026-06-11T15:47:59.64398+00:00') ON CONFLICT (id) DO NOTHING;
INSERT INTO public.product_variants (id, product_id, code, color, hex, image, thickness, width, sale_unit, sort_order, created_at) VALUES ('410102ba-12dd-42af-ab85-4c8b38925189', '5f3092db-8dca-4058-b787-6ee760b1a0fc', 'LB02', 'Areia', '#E4D2A6', NULL, NULL, NULL, NULL, 1, '2026-06-11T15:47:59.64398+00:00') ON CONFLICT (id) DO NOTHING;
INSERT INTO public.product_variants (id, product_id, code, color, hex, image, thickness, width, sale_unit, sort_order, created_at) VALUES ('f1ece254-1690-48dd-a04a-9463a2da28ff', '5f3092db-8dca-4058-b787-6ee760b1a0fc', 'LB03', 'Azul Royal', '#1E40AF', NULL, NULL, NULL, NULL, 2, '2026-06-11T15:47:59.64398+00:00') ON CONFLICT (id) DO NOTHING;
INSERT INTO public.product_variants (id, product_id, code, color, hex, image, thickness, width, sale_unit, sort_order, created_at) VALUES ('9a76de08-b82e-418b-91d3-60b897fdad5a', '5f3092db-8dca-4058-b787-6ee760b1a0fc', 'LB04', 'Azul Marinho', '#0D1B3D', NULL, NULL, NULL, NULL, 3, '2026-06-11T15:47:59.64398+00:00') ON CONFLICT (id) DO NOTHING;
INSERT INTO public.product_variants (id, product_id, code, color, hex, image, thickness, width, sale_unit, sort_order, created_at) VALUES ('86fc28b2-b413-4fbf-b997-a6251d3e10f1', '5f3092db-8dca-4058-b787-6ee760b1a0fc', 'LB05', 'Bege', '#C9A57A', NULL, NULL, NULL, NULL, 4, '2026-06-11T15:47:59.64398+00:00') ON CONFLICT (id) DO NOTHING;
INSERT INTO public.product_variants (id, product_id, code, color, hex, image, thickness, width, sale_unit, sort_order, created_at) VALUES ('16980f46-4ff6-4ba1-b335-ef6fb3c405fe', '5f3092db-8dca-4058-b787-6ee760b1a0fc', 'LB06', 'Branco', '#F4F4F2', NULL, NULL, NULL, NULL, 5, '2026-06-11T15:47:59.64398+00:00') ON CONFLICT (id) DO NOTHING;
INSERT INTO public.product_variants (id, product_id, code, color, hex, image, thickness, width, sale_unit, sort_order, created_at) VALUES ('151af54f-feea-47ea-9d3d-3a2e4e96c113', '5f3092db-8dca-4058-b787-6ee760b1a0fc', 'LB07', 'Caramelo', '#A0522D', NULL, NULL, NULL, NULL, 6, '2026-06-11T15:47:59.64398+00:00') ON CONFLICT (id) DO NOTHING;
INSERT INTO public.product_variants (id, product_id, code, color, hex, image, thickness, width, sale_unit, sort_order, created_at) VALUES ('12802c14-ff51-44a4-ad89-a5c3ce5bfdc5', '5f3092db-8dca-4058-b787-6ee760b1a0fc', 'LB08', 'Cinza', '#8A8A8A', NULL, NULL, NULL, NULL, 7, '2026-06-11T15:47:59.64398+00:00') ON CONFLICT (id) DO NOTHING;
INSERT INTO public.product_variants (id, product_id, code, color, hex, image, thickness, width, sale_unit, sort_order, created_at) VALUES ('f5becbf6-37b6-4e6a-950b-0d3c5ad10dec', '5f3092db-8dca-4058-b787-6ee760b1a0fc', 'LB09', 'Laranja', '#E65100', NULL, NULL, NULL, NULL, 8, '2026-06-11T15:47:59.64398+00:00') ON CONFLICT (id) DO NOTHING;
INSERT INTO public.product_variants (id, product_id, code, color, hex, image, thickness, width, sale_unit, sort_order, created_at) VALUES ('99f2a5c6-2147-4f91-9cda-bd9c715204ad', '5f3092db-8dca-4058-b787-6ee760b1a0fc', 'LB10', 'Marrom', '#5D3A1A', NULL, NULL, NULL, NULL, 9, '2026-06-11T15:47:59.64398+00:00') ON CONFLICT (id) DO NOTHING;
INSERT INTO public.product_variants (id, product_id, code, color, hex, image, thickness, width, sale_unit, sort_order, created_at) VALUES ('23b41ca9-b148-4740-810f-9ce88364abc7', '5f3092db-8dca-4058-b787-6ee760b1a0fc', 'LB11', 'Preto', '#111111', NULL, NULL, NULL, NULL, 10, '2026-06-11T15:47:59.64398+00:00') ON CONFLICT (id) DO NOTHING;
INSERT INTO public.product_variants (id, product_id, code, color, hex, image, thickness, width, sale_unit, sort_order, created_at) VALUES ('2d6a383d-9467-49d7-9e08-9ed218924955', '5f3092db-8dca-4058-b787-6ee760b1a0fc', 'LB12', 'Verde', '#2E7D32', NULL, NULL, NULL, NULL, 11, '2026-06-11T15:47:59.64398+00:00') ON CONFLICT (id) DO NOTHING;
INSERT INTO public.product_variants (id, product_id, code, color, hex, image, thickness, width, sale_unit, sort_order, created_at) VALUES ('0c46b0e7-4c41-4458-a3ff-278aea5c4690', '5f3092db-8dca-4058-b787-6ee760b1a0fc', 'LB13', 'Vermelho', '#C81E1E', NULL, NULL, NULL, NULL, 12, '2026-06-11T15:47:59.64398+00:00') ON CONFLICT (id) DO NOTHING;
INSERT INTO public.product_variants (id, product_id, code, color, hex, image, thickness, width, sale_unit, sort_order, created_at) VALUES ('46248bad-deca-4661-ad97-188f98c452d3', 'c3132523-bd5e-4728-82d3-0ef9304129ba', 'LBT01', 'Amarelo', '#F5C518', NULL, NULL, NULL, NULL, 0, '2026-06-11T15:47:59.871674+00:00') ON CONFLICT (id) DO NOTHING;
INSERT INTO public.product_variants (id, product_id, code, color, hex, image, thickness, width, sale_unit, sort_order, created_at) VALUES ('795314e4-aed2-4570-a4f1-9ba7fe43047a', 'c3132523-bd5e-4728-82d3-0ef9304129ba', 'LBT02', 'Areia', '#E4D2A6', NULL, NULL, NULL, NULL, 1, '2026-06-11T15:47:59.871674+00:00') ON CONFLICT (id) DO NOTHING;
INSERT INTO public.product_variants (id, product_id, code, color, hex, image, thickness, width, sale_unit, sort_order, created_at) VALUES ('083fa7fc-8d71-46ea-afc3-e63215406db1', 'c3132523-bd5e-4728-82d3-0ef9304129ba', 'LBT03', 'Azul Royal', '#1E40AF', NULL, NULL, NULL, NULL, 2, '2026-06-11T15:47:59.871674+00:00') ON CONFLICT (id) DO NOTHING;
INSERT INTO public.product_variants (id, product_id, code, color, hex, image, thickness, width, sale_unit, sort_order, created_at) VALUES ('1088d30e-c0c9-404a-aeb8-da56f3a58969', 'c3132523-bd5e-4728-82d3-0ef9304129ba', 'LBT04', 'Azul Marinho', '#0D1B3D', NULL, NULL, NULL, NULL, 3, '2026-06-11T15:47:59.871674+00:00') ON CONFLICT (id) DO NOTHING;
INSERT INTO public.product_variants (id, product_id, code, color, hex, image, thickness, width, sale_unit, sort_order, created_at) VALUES ('695d8163-440c-4ff0-ab86-d08919d27ed1', 'c3132523-bd5e-4728-82d3-0ef9304129ba', 'LBT05', 'Bege', '#C9A57A', NULL, NULL, NULL, NULL, 4, '2026-06-11T15:47:59.871674+00:00') ON CONFLICT (id) DO NOTHING;
INSERT INTO public.product_variants (id, product_id, code, color, hex, image, thickness, width, sale_unit, sort_order, created_at) VALUES ('664c83ac-c031-44e7-a698-49d8cd70e171', 'c3132523-bd5e-4728-82d3-0ef9304129ba', 'LBT06', 'Branco', '#F4F4F2', NULL, NULL, NULL, NULL, 5, '2026-06-11T15:47:59.871674+00:00') ON CONFLICT (id) DO NOTHING;
INSERT INTO public.product_variants (id, product_id, code, color, hex, image, thickness, width, sale_unit, sort_order, created_at) VALUES ('a43cd231-2fdb-4ed6-abb2-930c87a4899d', 'c3132523-bd5e-4728-82d3-0ef9304129ba', 'LBT07', 'Caramelo', '#A0522D', NULL, NULL, NULL, NULL, 6, '2026-06-11T15:47:59.871674+00:00') ON CONFLICT (id) DO NOTHING;
INSERT INTO public.product_variants (id, product_id, code, color, hex, image, thickness, width, sale_unit, sort_order, created_at) VALUES ('4cc4679e-ab7e-4783-9c1c-4e1adf9b9aaf', 'c3132523-bd5e-4728-82d3-0ef9304129ba', 'LBT08', 'Cinza', '#8A8A8A', NULL, NULL, NULL, NULL, 7, '2026-06-11T15:47:59.871674+00:00') ON CONFLICT (id) DO NOTHING;
INSERT INTO public.product_variants (id, product_id, code, color, hex, image, thickness, width, sale_unit, sort_order, created_at) VALUES ('361df4b0-3a7a-4ee9-a8b7-7548e2b21e44', 'c3132523-bd5e-4728-82d3-0ef9304129ba', 'LBT09', 'Laranja', '#E65100', NULL, NULL, NULL, NULL, 8, '2026-06-11T15:47:59.871674+00:00') ON CONFLICT (id) DO NOTHING;
INSERT INTO public.product_variants (id, product_id, code, color, hex, image, thickness, width, sale_unit, sort_order, created_at) VALUES ('9545957e-8e03-41f6-8f1b-8ee18c9db7dd', 'c3132523-bd5e-4728-82d3-0ef9304129ba', 'LBT10', 'Marrom', '#5D3A1A', NULL, NULL, NULL, NULL, 9, '2026-06-11T15:47:59.871674+00:00') ON CONFLICT (id) DO NOTHING;
INSERT INTO public.product_variants (id, product_id, code, color, hex, image, thickness, width, sale_unit, sort_order, created_at) VALUES ('e348c7b3-e78a-4fbf-bf73-267bd54989b9', 'c3132523-bd5e-4728-82d3-0ef9304129ba', 'LBT11', 'Preto', '#111111', NULL, NULL, NULL, NULL, 10, '2026-06-11T15:47:59.871674+00:00') ON CONFLICT (id) DO NOTHING;
INSERT INTO public.product_variants (id, product_id, code, color, hex, image, thickness, width, sale_unit, sort_order, created_at) VALUES ('ddc8efe2-87b4-4fce-93ba-0e54589c222e', 'c3132523-bd5e-4728-82d3-0ef9304129ba', 'LBT12', 'Verde', '#2E7D32', NULL, NULL, NULL, NULL, 11, '2026-06-11T15:47:59.871674+00:00') ON CONFLICT (id) DO NOTHING;
INSERT INTO public.product_variants (id, product_id, code, color, hex, image, thickness, width, sale_unit, sort_order, created_at) VALUES ('47823208-5dd0-48df-a663-7d3bf687a3e6', 'c3132523-bd5e-4728-82d3-0ef9304129ba', 'LBT13', 'Vermelho', '#C81E1E', NULL, NULL, NULL, NULL, 12, '2026-06-11T15:47:59.871674+00:00') ON CONFLICT (id) DO NOTHING;
INSERT INTO public.product_variants (id, product_id, code, color, hex, image, thickness, width, sale_unit, sort_order, created_at) VALUES ('0afd2568-3ae9-4925-a968-2b05fe855579', 'c3a84803-0eba-4036-9d0a-30d395ed9337', 'LBF01', 'Amarelo', '#F5C518', NULL, NULL, NULL, NULL, 0, '2026-06-11T15:48:00.105882+00:00') ON CONFLICT (id) DO NOTHING;
INSERT INTO public.product_variants (id, product_id, code, color, hex, image, thickness, width, sale_unit, sort_order, created_at) VALUES ('c764eaa5-5ca9-446a-b831-88f4aec35695', 'c3a84803-0eba-4036-9d0a-30d395ed9337', 'LBF02', 'Areia', '#E4D2A6', NULL, NULL, NULL, NULL, 1, '2026-06-11T15:48:00.105882+00:00') ON CONFLICT (id) DO NOTHING;
INSERT INTO public.product_variants (id, product_id, code, color, hex, image, thickness, width, sale_unit, sort_order, created_at) VALUES ('4f2bd23d-c3d2-4cee-91b1-54645d1a446b', 'c3a84803-0eba-4036-9d0a-30d395ed9337', 'LBF03', 'Azul Royal', '#1E40AF', NULL, NULL, NULL, NULL, 2, '2026-06-11T15:48:00.105882+00:00') ON CONFLICT (id) DO NOTHING;
INSERT INTO public.product_variants (id, product_id, code, color, hex, image, thickness, width, sale_unit, sort_order, created_at) VALUES ('fd1acd13-51b9-45f7-ab32-12e776836489', 'c3a84803-0eba-4036-9d0a-30d395ed9337', 'LBF04', 'Azul Marinho', '#0D1B3D', NULL, NULL, NULL, NULL, 3, '2026-06-11T15:48:00.105882+00:00') ON CONFLICT (id) DO NOTHING;
INSERT INTO public.product_variants (id, product_id, code, color, hex, image, thickness, width, sale_unit, sort_order, created_at) VALUES ('8ba89a14-6d2e-437b-a0f0-07384dfc9085', 'c3a84803-0eba-4036-9d0a-30d395ed9337', 'LBF05', 'Bege', '#C9A57A', NULL, NULL, NULL, NULL, 4, '2026-06-11T15:48:00.105882+00:00') ON CONFLICT (id) DO NOTHING;
INSERT INTO public.product_variants (id, product_id, code, color, hex, image, thickness, width, sale_unit, sort_order, created_at) VALUES ('787c98c2-a04a-422c-858a-16c359ca473f', 'c3a84803-0eba-4036-9d0a-30d395ed9337', 'LBF06', 'Branco', '#F4F4F2', NULL, NULL, NULL, NULL, 5, '2026-06-11T15:48:00.105882+00:00') ON CONFLICT (id) DO NOTHING;
INSERT INTO public.product_variants (id, product_id, code, color, hex, image, thickness, width, sale_unit, sort_order, created_at) VALUES ('cb7e8834-a421-4aee-85c5-0158e5fd83c9', 'c3a84803-0eba-4036-9d0a-30d395ed9337', 'LBF07', 'Caramelo', '#A0522D', NULL, NULL, NULL, NULL, 6, '2026-06-11T15:48:00.105882+00:00') ON CONFLICT (id) DO NOTHING;
INSERT INTO public.product_variants (id, product_id, code, color, hex, image, thickness, width, sale_unit, sort_order, created_at) VALUES ('fd68c010-3b4e-4f3a-8175-4319a0f2f317', 'c3a84803-0eba-4036-9d0a-30d395ed9337', 'LBF08', 'Cinza', '#8A8A8A', NULL, NULL, NULL, NULL, 7, '2026-06-11T15:48:00.105882+00:00') ON CONFLICT (id) DO NOTHING;
INSERT INTO public.product_variants (id, product_id, code, color, hex, image, thickness, width, sale_unit, sort_order, created_at) VALUES ('bae12ee8-903b-4d29-85f0-741ab0643ccc', 'c3a84803-0eba-4036-9d0a-30d395ed9337', 'LBF09', 'Laranja', '#E65100', NULL, NULL, NULL, NULL, 8, '2026-06-11T15:48:00.105882+00:00') ON CONFLICT (id) DO NOTHING;
INSERT INTO public.product_variants (id, product_id, code, color, hex, image, thickness, width, sale_unit, sort_order, created_at) VALUES ('8c35aa8f-944d-49fe-aec8-32dc24efc6aa', 'c3a84803-0eba-4036-9d0a-30d395ed9337', 'LBF10', 'Marrom', '#5D3A1A', NULL, NULL, NULL, NULL, 9, '2026-06-11T15:48:00.105882+00:00') ON CONFLICT (id) DO NOTHING;
INSERT INTO public.product_variants (id, product_id, code, color, hex, image, thickness, width, sale_unit, sort_order, created_at) VALUES ('707a308b-2eaf-4eae-ba0a-2078c6afc7a2', 'c3a84803-0eba-4036-9d0a-30d395ed9337', 'LBF11', 'Preto', '#111111', NULL, NULL, NULL, NULL, 10, '2026-06-11T15:48:00.105882+00:00') ON CONFLICT (id) DO NOTHING;
INSERT INTO public.product_variants (id, product_id, code, color, hex, image, thickness, width, sale_unit, sort_order, created_at) VALUES ('f405480c-88ad-4367-9cc4-6f57be5e6072', 'c3a84803-0eba-4036-9d0a-30d395ed9337', 'LBF12', 'Verde', '#2E7D32', NULL, NULL, NULL, NULL, 11, '2026-06-11T15:48:00.105882+00:00') ON CONFLICT (id) DO NOTHING;
INSERT INTO public.product_variants (id, product_id, code, color, hex, image, thickness, width, sale_unit, sort_order, created_at) VALUES ('9d313772-d589-4d22-8b1f-63b1498cb1c2', 'c3a84803-0eba-4036-9d0a-30d395ed9337', 'LBF13', 'Vermelho', '#C81E1E', NULL, NULL, NULL, NULL, 12, '2026-06-11T15:48:00.105882+00:00') ON CONFLICT (id) DO NOTHING;
INSERT INTO public.product_variants (id, product_id, code, color, hex, image, thickness, width, sale_unit, sort_order, created_at) VALUES ('3ff1a33b-e754-49d8-b430-3b6c273c7671', 'dc23ede4-67b9-4996-8a9e-73ea4dc2989c', 'LBS01', 'Amarelo', '#F5C518', NULL, NULL, NULL, NULL, 0, '2026-06-11T15:48:00.329646+00:00') ON CONFLICT (id) DO NOTHING;
INSERT INTO public.product_variants (id, product_id, code, color, hex, image, thickness, width, sale_unit, sort_order, created_at) VALUES ('3dc9691a-e8a6-4f48-b991-99d1842d10e5', 'dc23ede4-67b9-4996-8a9e-73ea4dc2989c', 'LBS02', 'Areia', '#E4D2A6', NULL, NULL, NULL, NULL, 1, '2026-06-11T15:48:00.329646+00:00') ON CONFLICT (id) DO NOTHING;
INSERT INTO public.product_variants (id, product_id, code, color, hex, image, thickness, width, sale_unit, sort_order, created_at) VALUES ('7928bcfa-a4c1-46e1-ad5a-15d063374340', 'dc23ede4-67b9-4996-8a9e-73ea4dc2989c', 'LBS03', 'Azul Royal', '#1E40AF', NULL, NULL, NULL, NULL, 2, '2026-06-11T15:48:00.329646+00:00') ON CONFLICT (id) DO NOTHING;
INSERT INTO public.product_variants (id, product_id, code, color, hex, image, thickness, width, sale_unit, sort_order, created_at) VALUES ('67341ba8-1cfe-4df0-8a9b-bfbe5b8fd1a8', 'dc23ede4-67b9-4996-8a9e-73ea4dc2989c', 'LBS04', 'Azul Marinho', '#0D1B3D', NULL, NULL, NULL, NULL, 3, '2026-06-11T15:48:00.329646+00:00') ON CONFLICT (id) DO NOTHING;
INSERT INTO public.product_variants (id, product_id, code, color, hex, image, thickness, width, sale_unit, sort_order, created_at) VALUES ('1a21b92a-3f43-4cfb-81c2-684f127cb16c', 'dc23ede4-67b9-4996-8a9e-73ea4dc2989c', 'LBS05', 'Bege', '#C9A57A', NULL, NULL, NULL, NULL, 4, '2026-06-11T15:48:00.329646+00:00') ON CONFLICT (id) DO NOTHING;
INSERT INTO public.product_variants (id, product_id, code, color, hex, image, thickness, width, sale_unit, sort_order, created_at) VALUES ('ae239be9-ee64-4ad0-adee-fe2b293db09d', 'dc23ede4-67b9-4996-8a9e-73ea4dc2989c', 'LBS06', 'Branco', '#F4F4F2', NULL, NULL, NULL, NULL, 5, '2026-06-11T15:48:00.329646+00:00') ON CONFLICT (id) DO NOTHING;
INSERT INTO public.product_variants (id, product_id, code, color, hex, image, thickness, width, sale_unit, sort_order, created_at) VALUES ('491fef0c-91b4-452d-980a-bfc16dffd71d', 'dc23ede4-67b9-4996-8a9e-73ea4dc2989c', 'LBS07', 'Caramelo', '#A0522D', NULL, NULL, NULL, NULL, 6, '2026-06-11T15:48:00.329646+00:00') ON CONFLICT (id) DO NOTHING;
INSERT INTO public.product_variants (id, product_id, code, color, hex, image, thickness, width, sale_unit, sort_order, created_at) VALUES ('fbd1132f-3a21-4dd6-8439-7cfc717749b5', 'dc23ede4-67b9-4996-8a9e-73ea4dc2989c', 'LBS08', 'Cinza', '#8A8A8A', NULL, NULL, NULL, NULL, 7, '2026-06-11T15:48:00.329646+00:00') ON CONFLICT (id) DO NOTHING;
INSERT INTO public.product_variants (id, product_id, code, color, hex, image, thickness, width, sale_unit, sort_order, created_at) VALUES ('02e3709c-6f01-4230-933e-2efd4d834d49', 'dc23ede4-67b9-4996-8a9e-73ea4dc2989c', 'LBS09', 'Laranja', '#E65100', NULL, NULL, NULL, NULL, 8, '2026-06-11T15:48:00.329646+00:00') ON CONFLICT (id) DO NOTHING;
INSERT INTO public.product_variants (id, product_id, code, color, hex, image, thickness, width, sale_unit, sort_order, created_at) VALUES ('447d6797-f04b-4c78-a60b-30ef70cffd54', 'dc23ede4-67b9-4996-8a9e-73ea4dc2989c', 'LBS10', 'Marrom', '#5D3A1A', NULL, NULL, NULL, NULL, 9, '2026-06-11T15:48:00.329646+00:00') ON CONFLICT (id) DO NOTHING;
INSERT INTO public.product_variants (id, product_id, code, color, hex, image, thickness, width, sale_unit, sort_order, created_at) VALUES ('fba0e44c-a46d-4624-b842-346926142d80', 'dc23ede4-67b9-4996-8a9e-73ea4dc2989c', 'LBS11', 'Preto', '#111111', NULL, NULL, NULL, NULL, 10, '2026-06-11T15:48:00.329646+00:00') ON CONFLICT (id) DO NOTHING;
INSERT INTO public.product_variants (id, product_id, code, color, hex, image, thickness, width, sale_unit, sort_order, created_at) VALUES ('a5c6224f-08ae-412f-8233-0979e74085b9', 'dc23ede4-67b9-4996-8a9e-73ea4dc2989c', 'LBS12', 'Verde', '#2E7D32', NULL, NULL, NULL, NULL, 11, '2026-06-11T15:48:00.329646+00:00') ON CONFLICT (id) DO NOTHING;
INSERT INTO public.product_variants (id, product_id, code, color, hex, image, thickness, width, sale_unit, sort_order, created_at) VALUES ('0c5f8c89-12a7-4d25-a485-38963df0a32c', 'dc23ede4-67b9-4996-8a9e-73ea4dc2989c', 'LBS13', 'Vermelho', '#C81E1E', NULL, NULL, NULL, NULL, 12, '2026-06-11T15:48:00.329646+00:00') ON CONFLICT (id) DO NOTHING;
INSERT INTO public.product_variants (id, product_id, code, color, hex, image, thickness, width, sale_unit, sort_order, created_at) VALUES ('2a44f76f-2993-4442-b95e-8b79bd16bf4f', 'b4ffb301-3f8c-4cac-8d28-ee98eda4d124', 'LS01', 'Amarelo', '#F5C518', NULL, NULL, NULL, NULL, 0, '2026-06-11T15:48:00.556665+00:00') ON CONFLICT (id) DO NOTHING;
INSERT INTO public.product_variants (id, product_id, code, color, hex, image, thickness, width, sale_unit, sort_order, created_at) VALUES ('7e1ad8b2-e741-4df4-81e3-85813cb4bf2a', 'b4ffb301-3f8c-4cac-8d28-ee98eda4d124', 'LS02', 'Areia', '#E4D2A6', NULL, NULL, NULL, NULL, 1, '2026-06-11T15:48:00.556665+00:00') ON CONFLICT (id) DO NOTHING;
INSERT INTO public.product_variants (id, product_id, code, color, hex, image, thickness, width, sale_unit, sort_order, created_at) VALUES ('238a114f-8cd6-4bf3-b21d-2ef75ec4313f', 'b4ffb301-3f8c-4cac-8d28-ee98eda4d124', 'LS03', 'Azul Royal', '#1E40AF', NULL, NULL, NULL, NULL, 2, '2026-06-11T15:48:00.556665+00:00') ON CONFLICT (id) DO NOTHING;
INSERT INTO public.product_variants (id, product_id, code, color, hex, image, thickness, width, sale_unit, sort_order, created_at) VALUES ('18d794c2-6dc0-4a49-bd20-d678373780de', 'b4ffb301-3f8c-4cac-8d28-ee98eda4d124', 'LS04', 'Azul Marinho', '#0D1B3D', NULL, NULL, NULL, NULL, 3, '2026-06-11T15:48:00.556665+00:00') ON CONFLICT (id) DO NOTHING;
INSERT INTO public.product_variants (id, product_id, code, color, hex, image, thickness, width, sale_unit, sort_order, created_at) VALUES ('6647a09c-901a-42cd-9de5-c3eee3dad20c', 'b4ffb301-3f8c-4cac-8d28-ee98eda4d124', 'LS05', 'Bege', '#C9A57A', NULL, NULL, NULL, NULL, 4, '2026-06-11T15:48:00.556665+00:00') ON CONFLICT (id) DO NOTHING;
INSERT INTO public.product_variants (id, product_id, code, color, hex, image, thickness, width, sale_unit, sort_order, created_at) VALUES ('c46b7982-5032-45d8-a403-77e8e39a8ee4', 'b4ffb301-3f8c-4cac-8d28-ee98eda4d124', 'LS06', 'Branco', '#F4F4F2', NULL, NULL, NULL, NULL, 5, '2026-06-11T15:48:00.556665+00:00') ON CONFLICT (id) DO NOTHING;
INSERT INTO public.product_variants (id, product_id, code, color, hex, image, thickness, width, sale_unit, sort_order, created_at) VALUES ('b88c52d7-735d-4268-8f3b-bdd9a3bcfbd8', 'b4ffb301-3f8c-4cac-8d28-ee98eda4d124', 'LS07', 'Caramelo', '#A0522D', NULL, NULL, NULL, NULL, 6, '2026-06-11T15:48:00.556665+00:00') ON CONFLICT (id) DO NOTHING;
INSERT INTO public.product_variants (id, product_id, code, color, hex, image, thickness, width, sale_unit, sort_order, created_at) VALUES ('f56288dd-8cf6-4856-bf5d-ad1414691c65', 'b4ffb301-3f8c-4cac-8d28-ee98eda4d124', 'LS08', 'Cinza', '#8A8A8A', NULL, NULL, NULL, NULL, 7, '2026-06-11T15:48:00.556665+00:00') ON CONFLICT (id) DO NOTHING;
INSERT INTO public.product_variants (id, product_id, code, color, hex, image, thickness, width, sale_unit, sort_order, created_at) VALUES ('5f6e3d3b-4190-4125-af8a-90309f61b1b8', 'b4ffb301-3f8c-4cac-8d28-ee98eda4d124', 'LS09', 'Laranja', '#E65100', NULL, NULL, NULL, NULL, 8, '2026-06-11T15:48:00.556665+00:00') ON CONFLICT (id) DO NOTHING;
INSERT INTO public.product_variants (id, product_id, code, color, hex, image, thickness, width, sale_unit, sort_order, created_at) VALUES ('35c9b88f-ac0c-4055-a141-8fff7e6458ba', 'b4ffb301-3f8c-4cac-8d28-ee98eda4d124', 'LS10', 'Marrom', '#5D3A1A', NULL, NULL, NULL, NULL, 9, '2026-06-11T15:48:00.556665+00:00') ON CONFLICT (id) DO NOTHING;
INSERT INTO public.product_variants (id, product_id, code, color, hex, image, thickness, width, sale_unit, sort_order, created_at) VALUES ('93744ed6-3039-40de-badf-12db261a025d', 'b4ffb301-3f8c-4cac-8d28-ee98eda4d124', 'LS11', 'Preto', '#111111', NULL, NULL, NULL, NULL, 10, '2026-06-11T15:48:00.556665+00:00') ON CONFLICT (id) DO NOTHING;
INSERT INTO public.product_variants (id, product_id, code, color, hex, image, thickness, width, sale_unit, sort_order, created_at) VALUES ('ee2bb14f-99f8-4c00-b7fb-e307fc4ff1e6', 'b4ffb301-3f8c-4cac-8d28-ee98eda4d124', 'LS12', 'Verde', '#2E7D32', NULL, NULL, NULL, NULL, 11, '2026-06-11T15:48:00.556665+00:00') ON CONFLICT (id) DO NOTHING;
INSERT INTO public.product_variants (id, product_id, code, color, hex, image, thickness, width, sale_unit, sort_order, created_at) VALUES ('fa547fbe-1870-4166-9469-0d235feeb54e', 'b4ffb301-3f8c-4cac-8d28-ee98eda4d124', 'LS13', 'Vermelho', '#C81E1E', NULL, NULL, NULL, NULL, 12, '2026-06-11T15:48:00.556665+00:00') ON CONFLICT (id) DO NOTHING;
INSERT INTO public.product_variants (id, product_id, code, color, hex, image, thickness, width, sale_unit, sort_order, created_at) VALUES ('3a312e37-b13e-4f6e-a321-c4b3d0899d9d', '26d14231-8b21-46a1-b7c3-71ba1a7c9577', 'LL01', 'Amarelo', '#F5C518', NULL, NULL, NULL, NULL, 0, '2026-06-11T15:48:00.780309+00:00') ON CONFLICT (id) DO NOTHING;
INSERT INTO public.product_variants (id, product_id, code, color, hex, image, thickness, width, sale_unit, sort_order, created_at) VALUES ('6f45d1e0-e060-406f-ac57-a16a4e9db958', '26d14231-8b21-46a1-b7c3-71ba1a7c9577', 'LL02', 'Azul Royal', '#1E40AF', NULL, NULL, NULL, NULL, 1, '2026-06-11T15:48:00.780309+00:00') ON CONFLICT (id) DO NOTHING;
INSERT INTO public.product_variants (id, product_id, code, color, hex, image, thickness, width, sale_unit, sort_order, created_at) VALUES ('127d292d-5718-4558-9dd5-e4656ab31480', '26d14231-8b21-46a1-b7c3-71ba1a7c9577', 'LL03', 'Azul Marinho', '#0D1B3D', NULL, NULL, NULL, NULL, 2, '2026-06-11T15:48:00.780309+00:00') ON CONFLICT (id) DO NOTHING;
INSERT INTO public.product_variants (id, product_id, code, color, hex, image, thickness, width, sale_unit, sort_order, created_at) VALUES ('dcbec772-5313-4428-b4af-fb24ed18e8db', '26d14231-8b21-46a1-b7c3-71ba1a7c9577', 'LL04', 'Preto', '#111111', NULL, NULL, NULL, NULL, 3, '2026-06-11T15:48:00.780309+00:00') ON CONFLICT (id) DO NOTHING;
INSERT INTO public.product_variants (id, product_id, code, color, hex, image, thickness, width, sale_unit, sort_order, created_at) VALUES ('5e515bfb-35cc-402f-84d5-ecc1ee656be1', '26d14231-8b21-46a1-b7c3-71ba1a7c9577', 'LL05', 'Verde', '#2E7D32', NULL, NULL, NULL, NULL, 4, '2026-06-11T15:48:00.780309+00:00') ON CONFLICT (id) DO NOTHING;
INSERT INTO public.product_variants (id, product_id, code, color, hex, image, thickness, width, sale_unit, sort_order, created_at) VALUES ('2d3bf9be-e163-4e1f-b881-4e1eafadf0d3', '26d14231-8b21-46a1-b7c3-71ba1a7c9577', 'LL06', 'Vermelho', '#C81E1E', NULL, NULL, NULL, NULL, 5, '2026-06-11T15:48:00.780309+00:00') ON CONFLICT (id) DO NOTHING;
INSERT INTO public.product_variants (id, product_id, code, color, hex, image, thickness, width, sale_unit, sort_order, created_at) VALUES ('d2e93691-08c2-46c2-a71c-c3536158c75a', '37a4c76b-ca82-442b-ae00-1f8b2b71523b', 'LL201', 'Amarelo', '#F5C518', NULL, NULL, NULL, NULL, 0, '2026-06-11T15:48:01.002849+00:00') ON CONFLICT (id) DO NOTHING;
INSERT INTO public.product_variants (id, product_id, code, color, hex, image, thickness, width, sale_unit, sort_order, created_at) VALUES ('c6d3a8bf-f985-4401-954d-26d3ccdfd5a3', '37a4c76b-ca82-442b-ae00-1f8b2b71523b', 'LL202', 'Azul Royal', '#1E40AF', NULL, NULL, NULL, NULL, 1, '2026-06-11T15:48:01.002849+00:00') ON CONFLICT (id) DO NOTHING;
INSERT INTO public.product_variants (id, product_id, code, color, hex, image, thickness, width, sale_unit, sort_order, created_at) VALUES ('4ece326f-236d-402b-868f-9dce0345c068', '37a4c76b-ca82-442b-ae00-1f8b2b71523b', 'LL203', 'Azul Marinho', '#0D1B3D', NULL, NULL, NULL, NULL, 2, '2026-06-11T15:48:01.002849+00:00') ON CONFLICT (id) DO NOTHING;
INSERT INTO public.product_variants (id, product_id, code, color, hex, image, thickness, width, sale_unit, sort_order, created_at) VALUES ('84062dbd-223e-46dd-bfd6-78b9f3aa4a3d', '37a4c76b-ca82-442b-ae00-1f8b2b71523b', 'LL204', 'Preto', '#111111', NULL, NULL, NULL, NULL, 3, '2026-06-11T15:48:01.002849+00:00') ON CONFLICT (id) DO NOTHING;
INSERT INTO public.product_variants (id, product_id, code, color, hex, image, thickness, width, sale_unit, sort_order, created_at) VALUES ('eb5a7a44-a130-49c0-9716-c9ce975770b5', '37a4c76b-ca82-442b-ae00-1f8b2b71523b', 'LL205', 'Verde', '#2E7D32', NULL, NULL, NULL, NULL, 4, '2026-06-11T15:48:01.002849+00:00') ON CONFLICT (id) DO NOTHING;
INSERT INTO public.product_variants (id, product_id, code, color, hex, image, thickness, width, sale_unit, sort_order, created_at) VALUES ('21ad59ab-12d3-4d6d-9615-fb6679add450', '37a4c76b-ca82-442b-ae00-1f8b2b71523b', 'LL206', 'Vermelho', '#C81E1E', NULL, NULL, NULL, NULL, 5, '2026-06-11T15:48:01.002849+00:00') ON CONFLICT (id) DO NOTHING;
INSERT INTO public.product_variants (id, product_id, code, color, hex, image, thickness, width, sale_unit, sort_order, created_at) VALUES ('4c61dddb-84cf-4b51-ab83-6ae4f596701f', '187450fd-53db-4d89-b896-c05b05dfb884', 'TN01', 'Azul Claro', '#9EC8E8', NULL, NULL, NULL, NULL, 0, '2026-06-11T15:48:01.230807+00:00') ON CONFLICT (id) DO NOTHING;
INSERT INTO public.product_variants (id, product_id, code, color, hex, image, thickness, width, sale_unit, sort_order, created_at) VALUES ('4a2e78bf-b029-4dbb-8513-155772d4b01d', '187450fd-53db-4d89-b896-c05b05dfb884', 'TN02', 'Marinho', '#0D1B3D', NULL, NULL, NULL, NULL, 1, '2026-06-11T15:48:01.230807+00:00') ON CONFLICT (id) DO NOTHING;
INSERT INTO public.product_variants (id, product_id, code, color, hex, image, thickness, width, sale_unit, sort_order, created_at) VALUES ('19d39ce4-ee4f-49d0-ae26-5427aaae7bf2', '187450fd-53db-4d89-b896-c05b05dfb884', 'TN03', 'Azul Royal', '#1E40AF', NULL, NULL, NULL, NULL, 2, '2026-06-11T15:48:01.230807+00:00') ON CONFLICT (id) DO NOTHING;
INSERT INTO public.product_variants (id, product_id, code, color, hex, image, thickness, width, sale_unit, sort_order, created_at) VALUES ('2e127726-bbae-480d-9012-d27c7f0c0082', '187450fd-53db-4d89-b896-c05b05dfb884', 'TN04', 'Amarelo', '#F5C518', NULL, NULL, NULL, NULL, 3, '2026-06-11T15:48:01.230807+00:00') ON CONFLICT (id) DO NOTHING;
INSERT INTO public.product_variants (id, product_id, code, color, hex, image, thickness, width, sale_unit, sort_order, created_at) VALUES ('e4976ae4-ba5f-4285-ab85-b20ce477ab15', '187450fd-53db-4d89-b896-c05b05dfb884', 'TN05', 'Laranja', '#E65100', NULL, NULL, NULL, NULL, 4, '2026-06-11T15:48:01.230807+00:00') ON CONFLICT (id) DO NOTHING;
INSERT INTO public.product_variants (id, product_id, code, color, hex, image, thickness, width, sale_unit, sort_order, created_at) VALUES ('d7337c4e-1365-41f0-876a-7db77aa9293c', '187450fd-53db-4d89-b896-c05b05dfb884', 'TN06', 'Branco', '#F4F4F2', NULL, NULL, NULL, NULL, 5, '2026-06-11T15:48:01.230807+00:00') ON CONFLICT (id) DO NOTHING;
INSERT INTO public.product_variants (id, product_id, code, color, hex, image, thickness, width, sale_unit, sort_order, created_at) VALUES ('7ade4d40-3452-426a-9c97-cd9f2ee0fe77', '187450fd-53db-4d89-b896-c05b05dfb884', 'TN07', 'Bege Claro', '#EFE3CB', NULL, NULL, NULL, NULL, 6, '2026-06-11T15:48:01.230807+00:00') ON CONFLICT (id) DO NOTHING;
INSERT INTO public.product_variants (id, product_id, code, color, hex, image, thickness, width, sale_unit, sort_order, created_at) VALUES ('29ce3e6a-4cc5-48bd-b1fd-3686a2734ab5', '187450fd-53db-4d89-b896-c05b05dfb884', 'TN08', 'Bege Escuro', '#A1825B', NULL, NULL, NULL, NULL, 7, '2026-06-11T15:48:01.230807+00:00') ON CONFLICT (id) DO NOTHING;
INSERT INTO public.product_variants (id, product_id, code, color, hex, image, thickness, width, sale_unit, sort_order, created_at) VALUES ('d92ca105-60e8-4b70-8341-a9c78e7f1cfb', '187450fd-53db-4d89-b896-c05b05dfb884', 'TN09', 'Preto', '#111111', NULL, NULL, NULL, NULL, 8, '2026-06-11T15:48:01.230807+00:00') ON CONFLICT (id) DO NOTHING;
INSERT INTO public.product_variants (id, product_id, code, color, hex, image, thickness, width, sale_unit, sort_order, created_at) VALUES ('991e04f2-8067-42bd-bc4f-5660a0cf3492', '187450fd-53db-4d89-b896-c05b05dfb884', 'TN10', 'Verde Bandeira', '#0E7B2A', NULL, NULL, NULL, NULL, 9, '2026-06-11T15:48:01.230807+00:00') ON CONFLICT (id) DO NOTHING;
INSERT INTO public.product_variants (id, product_id, code, color, hex, image, thickness, width, sale_unit, sort_order, created_at) VALUES ('3ff5aa75-4f05-4e0b-9f59-e5725b07f1fc', '187450fd-53db-4d89-b896-c05b05dfb884', 'TN11', 'Marrom', '#5D3A1A', NULL, NULL, NULL, NULL, 10, '2026-06-11T15:48:01.230807+00:00') ON CONFLICT (id) DO NOTHING;
INSERT INTO public.product_variants (id, product_id, code, color, hex, image, thickness, width, sale_unit, sort_order, created_at) VALUES ('eb89fa15-1820-40fa-9b34-ed97d9f31597', '187450fd-53db-4d89-b896-c05b05dfb884', 'TN12', 'Vermelho', '#C81E1E', NULL, NULL, NULL, NULL, 11, '2026-06-11T15:48:01.230807+00:00') ON CONFLICT (id) DO NOTHING;
INSERT INTO public.product_variants (id, product_id, code, color, hex, image, thickness, width, sale_unit, sort_order, created_at) VALUES ('09a77884-da46-4798-80ad-2046c246f968', '187450fd-53db-4d89-b896-c05b05dfb884', 'TN13', 'Roxo', '#6A1B9A', NULL, NULL, NULL, NULL, 12, '2026-06-11T15:48:01.230807+00:00') ON CONFLICT (id) DO NOTHING;
INSERT INTO public.product_variants (id, product_id, code, color, hex, image, thickness, width, sale_unit, sort_order, created_at) VALUES ('1b87ce5d-42bb-4899-ba2f-c808dd84feda', '187450fd-53db-4d89-b896-c05b05dfb884', 'TN14', 'Rosa', '#E91E8C', NULL, NULL, NULL, NULL, 13, '2026-06-11T15:48:01.230807+00:00') ON CONFLICT (id) DO NOTHING;
INSERT INTO public.product_variants (id, product_id, code, color, hex, image, thickness, width, sale_unit, sort_order, created_at) VALUES ('bca204de-39bc-44a8-b72d-720c242bbe57', '187450fd-53db-4d89-b896-c05b05dfb884', 'TN15', 'Pink', '#E91E63', NULL, NULL, NULL, NULL, 14, '2026-06-11T15:48:01.230807+00:00') ON CONFLICT (id) DO NOTHING;
INSERT INTO public.product_variants (id, product_id, code, color, hex, image, thickness, width, sale_unit, sort_order, created_at) VALUES ('363c9c38-f2bc-4966-8865-f85c2e26b557', '187450fd-53db-4d89-b896-c05b05dfb884', 'TN16', 'Lilás', '#C8A2C8', NULL, NULL, NULL, NULL, 15, '2026-06-11T15:48:01.230807+00:00') ON CONFLICT (id) DO NOTHING;
INSERT INTO public.product_variants (id, product_id, code, color, hex, image, thickness, width, sale_unit, sort_order, created_at) VALUES ('c2ea5ebe-75ac-4184-b193-682fecf5c726', 'af1ed349-0ce2-48c7-ae43-92136c385938', 'TN801', 'Preto', '#111111', NULL, NULL, NULL, NULL, 0, '2026-06-11T15:48:01.458966+00:00') ON CONFLICT (id) DO NOTHING;
INSERT INTO public.product_variants (id, product_id, code, color, hex, image, thickness, width, sale_unit, sort_order, created_at) VALUES ('eea175e4-be65-4968-a8e0-969415dfa68e', 'af1ed349-0ce2-48c7-ae43-92136c385938', 'TN802', 'Branco', '#F4F4F2', NULL, NULL, NULL, NULL, 1, '2026-06-11T15:48:01.458966+00:00') ON CONFLICT (id) DO NOTHING;
INSERT INTO public.product_variants (id, product_id, code, color, hex, image, thickness, width, sale_unit, sort_order, created_at) VALUES ('ea3f7ea4-fbe1-431e-8087-6ceedc87371a', 'af1ed349-0ce2-48c7-ae43-92136c385938', 'TN803', 'Bege Escuro', '#A1825B', NULL, NULL, NULL, NULL, 2, '2026-06-11T15:48:01.458966+00:00') ON CONFLICT (id) DO NOTHING;
INSERT INTO public.product_variants (id, product_id, code, color, hex, image, thickness, width, sale_unit, sort_order, created_at) VALUES ('fd19bbd6-c19c-431b-8cae-e068340bf453', 'c10bf958-f633-4d1a-9fd1-94a57a1e8200', 'TNM01', 'Preto', '#111111', NULL, NULL, NULL, NULL, 0, '2026-06-11T15:48:01.685147+00:00') ON CONFLICT (id) DO NOTHING;
INSERT INTO public.product_variants (id, product_id, code, color, hex, image, thickness, width, sale_unit, sort_order, created_at) VALUES ('f12dba0d-26c8-4832-8b87-257a6d9af858', 'c10bf958-f633-4d1a-9fd1-94a57a1e8200', 'TNM02', 'Verde', '#2E7D32', NULL, NULL, NULL, NULL, 1, '2026-06-11T15:48:01.685147+00:00') ON CONFLICT (id) DO NOTHING;
INSERT INTO public.product_variants (id, product_id, code, color, hex, image, thickness, width, sale_unit, sort_order, created_at) VALUES ('3728059d-7e8e-481d-bfbb-d671af5be445', 'c10bf958-f633-4d1a-9fd1-94a57a1e8200', 'TNM03', 'Ouro', '#C9A227', NULL, NULL, NULL, NULL, 2, '2026-06-11T15:48:01.685147+00:00') ON CONFLICT (id) DO NOTHING;
INSERT INTO public.product_variants (id, product_id, code, color, hex, image, thickness, width, sale_unit, sort_order, created_at) VALUES ('65076333-8583-44ba-9522-8ba94359146c', 'c10bf958-f633-4d1a-9fd1-94a57a1e8200', 'TNM04', 'Prata', '#BFC3C7', NULL, NULL, NULL, NULL, 3, '2026-06-11T15:48:01.685147+00:00') ON CONFLICT (id) DO NOTHING;
INSERT INTO public.product_variants (id, product_id, code, color, hex, image, thickness, width, sale_unit, sort_order, created_at) VALUES ('f70a4c57-a910-47fd-91aa-1039151132d1', 'c10bf958-f633-4d1a-9fd1-94a57a1e8200', 'TNM05', 'Royal', '#1E40AF', NULL, NULL, NULL, NULL, 4, '2026-06-11T15:48:01.685147+00:00') ON CONFLICT (id) DO NOTHING;
INSERT INTO public.product_variants (id, product_id, code, color, hex, image, thickness, width, sale_unit, sort_order, created_at) VALUES ('bba581c4-7b92-44cb-bee0-1ab09b0d3feb', 'c10bf958-f633-4d1a-9fd1-94a57a1e8200', 'TNM06', 'Azul Ciano', '#00B7EB', NULL, NULL, NULL, NULL, 5, '2026-06-11T15:48:01.685147+00:00') ON CONFLICT (id) DO NOTHING;
INSERT INTO public.product_variants (id, product_id, code, color, hex, image, thickness, width, sale_unit, sort_order, created_at) VALUES ('a1f6245b-d7af-4372-910c-456a47fb5b10', 'c10bf958-f633-4d1a-9fd1-94a57a1e8200', 'TNM07', 'Pink', '#E91E63', NULL, NULL, NULL, NULL, 6, '2026-06-11T15:48:01.685147+00:00') ON CONFLICT (id) DO NOTHING;
INSERT INTO public.product_variants (id, product_id, code, color, hex, image, thickness, width, sale_unit, sort_order, created_at) VALUES ('399d4aac-12f9-4a96-ab51-2e12768ce28d', 'c10bf958-f633-4d1a-9fd1-94a57a1e8200', 'TNM08', 'Vermelho', '#C81E1E', NULL, NULL, NULL, NULL, 7, '2026-06-11T15:48:01.685147+00:00') ON CONFLICT (id) DO NOTHING;
INSERT INTO public.product_variants (id, product_id, code, color, hex, image, thickness, width, sale_unit, sort_order, created_at) VALUES ('83a9bd15-9ae9-4171-a78b-6f29a84f4ec5', '656741a1-ae3c-499c-aed5-06eb224c733d', 'TNE01', 'Estampa 01', '#999999', NULL, NULL, NULL, NULL, 0, '2026-06-11T15:48:01.918099+00:00') ON CONFLICT (id) DO NOTHING;
INSERT INTO public.product_variants (id, product_id, code, color, hex, image, thickness, width, sale_unit, sort_order, created_at) VALUES ('76b41555-0c0f-4820-9883-5d5bac66bfca', '656741a1-ae3c-499c-aed5-06eb224c733d', 'TNE02', 'Estampa 02', '#999999', NULL, NULL, NULL, NULL, 1, '2026-06-11T15:48:01.918099+00:00') ON CONFLICT (id) DO NOTHING;
INSERT INTO public.product_variants (id, product_id, code, color, hex, image, thickness, width, sale_unit, sort_order, created_at) VALUES ('1a627362-1dc3-4978-8618-23f4d03527eb', '656741a1-ae3c-499c-aed5-06eb224c733d', 'TNE03', 'Estampa 03', '#999999', NULL, NULL, NULL, NULL, 2, '2026-06-11T15:48:01.918099+00:00') ON CONFLICT (id) DO NOTHING;
INSERT INTO public.product_variants (id, product_id, code, color, hex, image, thickness, width, sale_unit, sort_order, created_at) VALUES ('3fece968-7b70-4b41-a692-6785e2ef90a1', '656741a1-ae3c-499c-aed5-06eb224c733d', 'TNE04', 'Estampa 04', '#999999', NULL, NULL, NULL, NULL, 3, '2026-06-11T15:48:01.918099+00:00') ON CONFLICT (id) DO NOTHING;
INSERT INTO public.product_variants (id, product_id, code, color, hex, image, thickness, width, sale_unit, sort_order, created_at) VALUES ('2ed3ccdb-7b1b-45d4-a7b2-8e34c8fbe5dd', '656741a1-ae3c-499c-aed5-06eb224c733d', 'TNE05', 'Estampa 05', '#999999', NULL, NULL, NULL, NULL, 4, '2026-06-11T15:48:01.918099+00:00') ON CONFLICT (id) DO NOTHING;
INSERT INTO public.product_variants (id, product_id, code, color, hex, image, thickness, width, sale_unit, sort_order, created_at) VALUES ('96e9f544-31de-4a46-a0ff-512e87300000', '656741a1-ae3c-499c-aed5-06eb224c733d', 'TNE06', 'Estampa 06', '#999999', NULL, NULL, NULL, NULL, 5, '2026-06-11T15:48:01.918099+00:00') ON CONFLICT (id) DO NOTHING;
INSERT INTO public.product_variants (id, product_id, code, color, hex, image, thickness, width, sale_unit, sort_order, created_at) VALUES ('7aff1409-7dc9-4595-acfb-493e89c771e8', '656741a1-ae3c-499c-aed5-06eb224c733d', 'TNE07', 'Estampa 08', '#999999', NULL, NULL, NULL, NULL, 6, '2026-06-11T15:48:01.918099+00:00') ON CONFLICT (id) DO NOTHING;
INSERT INTO public.product_variants (id, product_id, code, color, hex, image, thickness, width, sale_unit, sort_order, created_at) VALUES ('471dcfe5-c85e-484c-a6f7-e772dd6ee441', '656741a1-ae3c-499c-aed5-06eb224c733d', 'TNE08', 'Estampa 09', '#999999', NULL, NULL, NULL, NULL, 7, '2026-06-11T15:48:01.918099+00:00') ON CONFLICT (id) DO NOTHING;
INSERT INTO public.product_variants (id, product_id, code, color, hex, image, thickness, width, sale_unit, sort_order, created_at) VALUES ('2fba5f1e-a1d2-4619-96ab-e54e4f4c1e06', '656741a1-ae3c-499c-aed5-06eb224c733d', 'TNE09', 'Estampa 10', '#999999', NULL, NULL, NULL, NULL, 8, '2026-06-11T15:48:01.918099+00:00') ON CONFLICT (id) DO NOTHING;
INSERT INTO public.product_variants (id, product_id, code, color, hex, image, thickness, width, sale_unit, sort_order, created_at) VALUES ('1b89be1d-2478-4412-8437-8ef7ff194991', '656741a1-ae3c-499c-aed5-06eb224c733d', 'TNE10', 'Estampa 11', '#999999', NULL, NULL, NULL, NULL, 9, '2026-06-11T15:48:01.918099+00:00') ON CONFLICT (id) DO NOTHING;
INSERT INTO public.product_variants (id, product_id, code, color, hex, image, thickness, width, sale_unit, sort_order, created_at) VALUES ('5e20fea7-9455-4c31-865d-70cfa26ecf1c', '656741a1-ae3c-499c-aed5-06eb224c733d', 'TNE11', 'Estampa 13', '#999999', NULL, NULL, NULL, NULL, 10, '2026-06-11T15:48:01.918099+00:00') ON CONFLICT (id) DO NOTHING;
INSERT INTO public.product_variants (id, product_id, code, color, hex, image, thickness, width, sale_unit, sort_order, created_at) VALUES ('b8556feb-16a6-4970-8773-bc15d090b267', '656741a1-ae3c-499c-aed5-06eb224c733d', 'TNE12', 'Estampa 15', '#999999', NULL, NULL, NULL, NULL, 11, '2026-06-11T15:48:01.918099+00:00') ON CONFLICT (id) DO NOTHING;
INSERT INTO public.product_variants (id, product_id, code, color, hex, image, thickness, width, sale_unit, sort_order, created_at) VALUES ('d472cd10-6e0f-46ac-863b-f765c55b96e5', '656741a1-ae3c-499c-aed5-06eb224c733d', 'TNE13', 'Estampa 16', '#999999', NULL, NULL, NULL, NULL, 12, '2026-06-11T15:48:01.918099+00:00') ON CONFLICT (id) DO NOTHING;
INSERT INTO public.product_variants (id, product_id, code, color, hex, image, thickness, width, sale_unit, sort_order, created_at) VALUES ('ba898d8e-f72a-41dc-94df-2990785e84ad', '656741a1-ae3c-499c-aed5-06eb224c733d', 'TNE14', 'Estampa 18', '#999999', NULL, NULL, NULL, NULL, 13, '2026-06-11T15:48:01.918099+00:00') ON CONFLICT (id) DO NOTHING;
INSERT INTO public.product_variants (id, product_id, code, color, hex, image, thickness, width, sale_unit, sort_order, created_at) VALUES ('ebbed392-6232-4f40-a0b0-abb198f4ef2a', '656741a1-ae3c-499c-aed5-06eb224c733d', 'TNE15', 'Estampa 20', '#999999', NULL, NULL, NULL, NULL, 14, '2026-06-11T15:48:01.918099+00:00') ON CONFLICT (id) DO NOTHING;
INSERT INTO public.product_variants (id, product_id, code, color, hex, image, thickness, width, sale_unit, sort_order, created_at) VALUES ('a2af3c41-1290-48d4-afbd-11a7f449090e', '656741a1-ae3c-499c-aed5-06eb224c733d', 'TNE16', 'Estampa 21', '#999999', NULL, NULL, NULL, NULL, 15, '2026-06-11T15:48:01.918099+00:00') ON CONFLICT (id) DO NOTHING;
INSERT INTO public.product_variants (id, product_id, code, color, hex, image, thickness, width, sale_unit, sort_order, created_at) VALUES ('706602f2-8e12-458a-a60b-889cd4197c8d', '656741a1-ae3c-499c-aed5-06eb224c733d', 'TNE17', 'Estampa 22', '#999999', NULL, NULL, NULL, NULL, 16, '2026-06-11T15:48:01.918099+00:00') ON CONFLICT (id) DO NOTHING;
INSERT INTO public.product_variants (id, product_id, code, color, hex, image, thickness, width, sale_unit, sort_order, created_at) VALUES ('8f04a6df-b480-4cee-aeff-d40dd086707d', '656741a1-ae3c-499c-aed5-06eb224c733d', 'TNE18', 'Estampa 24', '#999999', NULL, NULL, NULL, NULL, 17, '2026-06-11T15:48:01.918099+00:00') ON CONFLICT (id) DO NOTHING;
INSERT INTO public.product_variants (id, product_id, code, color, hex, image, thickness, width, sale_unit, sort_order, created_at) VALUES ('f44dac1e-806e-4608-9eff-5fd1d2553eb0', '656741a1-ae3c-499c-aed5-06eb224c733d', 'TNE19', 'Estampa 27', '#999999', NULL, NULL, NULL, NULL, 18, '2026-06-11T15:48:01.918099+00:00') ON CONFLICT (id) DO NOTHING;
INSERT INTO public.product_variants (id, product_id, code, color, hex, image, thickness, width, sale_unit, sort_order, created_at) VALUES ('46674fc6-8058-4124-a971-747cbc07ca93', '656741a1-ae3c-499c-aed5-06eb224c733d', 'TNE20', 'Estampa 28', '#999999', NULL, NULL, NULL, NULL, 19, '2026-06-11T15:48:01.918099+00:00') ON CONFLICT (id) DO NOTHING;
INSERT INTO public.product_variants (id, product_id, code, color, hex, image, thickness, width, sale_unit, sort_order, created_at) VALUES ('32e9afde-70bb-4fd5-bf8b-63ebf3036517', '656741a1-ae3c-499c-aed5-06eb224c733d', 'TNE21', 'Estampa 29', '#999999', NULL, NULL, NULL, NULL, 20, '2026-06-11T15:48:01.918099+00:00') ON CONFLICT (id) DO NOTHING;
INSERT INTO public.product_variants (id, product_id, code, color, hex, image, thickness, width, sale_unit, sort_order, created_at) VALUES ('b7c2ef62-9030-4c7d-b7ec-11f648625b98', '656741a1-ae3c-499c-aed5-06eb224c733d', 'TNE22', 'Estampa 31', '#999999', NULL, NULL, NULL, NULL, 21, '2026-06-11T15:48:01.918099+00:00') ON CONFLICT (id) DO NOTHING;
INSERT INTO public.product_variants (id, product_id, code, color, hex, image, thickness, width, sale_unit, sort_order, created_at) VALUES ('27684bb4-5708-453f-ad59-4551eace2177', '656741a1-ae3c-499c-aed5-06eb224c733d', 'TNE23', 'Estampa 35', '#999999', NULL, NULL, NULL, NULL, 22, '2026-06-11T15:48:01.918099+00:00') ON CONFLICT (id) DO NOTHING;
INSERT INTO public.product_variants (id, product_id, code, color, hex, image, thickness, width, sale_unit, sort_order, created_at) VALUES ('8c6996c2-7bf2-4a9f-9e72-e5d2b1c6d9fb', '656741a1-ae3c-499c-aed5-06eb224c733d', 'TNE24', 'Estampa 36', '#999999', NULL, NULL, NULL, NULL, 23, '2026-06-11T15:48:01.918099+00:00') ON CONFLICT (id) DO NOTHING;
INSERT INTO public.product_variants (id, product_id, code, color, hex, image, thickness, width, sale_unit, sort_order, created_at) VALUES ('05e14940-d944-4cc2-a9d0-206f564b70e7', '656741a1-ae3c-499c-aed5-06eb224c733d', 'TNE25', 'Estampa 37', '#999999', NULL, NULL, NULL, NULL, 24, '2026-06-11T15:48:01.918099+00:00') ON CONFLICT (id) DO NOTHING;
INSERT INTO public.product_variants (id, product_id, code, color, hex, image, thickness, width, sale_unit, sort_order, created_at) VALUES ('16b3b6cb-e12d-4c24-9151-425cd260b44c', '656741a1-ae3c-499c-aed5-06eb224c733d', 'TNE26', 'Estampa 38', '#999999', NULL, NULL, NULL, NULL, 25, '2026-06-11T15:48:01.918099+00:00') ON CONFLICT (id) DO NOTHING;
INSERT INTO public.product_variants (id, product_id, code, color, hex, image, thickness, width, sale_unit, sort_order, created_at) VALUES ('8352bca0-2fc6-4093-a686-cf7a50b6ebdc', '656741a1-ae3c-499c-aed5-06eb224c733d', 'TNE27', 'Estampa 39', '#999999', NULL, NULL, NULL, NULL, 26, '2026-06-11T15:48:01.918099+00:00') ON CONFLICT (id) DO NOTHING;
INSERT INTO public.product_variants (id, product_id, code, color, hex, image, thickness, width, sale_unit, sort_order, created_at) VALUES ('20acda1a-0809-4304-8bb6-8db0aed7d789', '656741a1-ae3c-499c-aed5-06eb224c733d', 'TNE28', 'Estampa 40', '#999999', NULL, NULL, NULL, NULL, 27, '2026-06-11T15:48:01.918099+00:00') ON CONFLICT (id) DO NOTHING;
INSERT INTO public.product_variants (id, product_id, code, color, hex, image, thickness, width, sale_unit, sort_order, created_at) VALUES ('e052e3a3-98be-4d03-9df9-0ef01341b090', '656741a1-ae3c-499c-aed5-06eb224c733d', 'TNE29', 'Estampa Happy Birthday', '#999999', NULL, NULL, NULL, NULL, 28, '2026-06-11T15:48:01.918099+00:00') ON CONFLICT (id) DO NOTHING;
INSERT INTO public.product_variants (id, product_id, code, color, hex, image, thickness, width, sale_unit, sort_order, created_at) VALUES ('e72017b9-5070-4206-8f15-1990cefc186d', '57b4fab4-5fee-4de6-80c2-3db0ece32ac7', 'VN01', 'Azul Turquesa', '#1ABC9C', NULL, NULL, NULL, NULL, 0, '2026-06-11T15:48:02.141482+00:00') ON CONFLICT (id) DO NOTHING;
INSERT INTO public.product_variants (id, product_id, code, color, hex, image, thickness, width, sale_unit, sort_order, created_at) VALUES ('1807bc21-b4f3-484c-becf-15760b55ec56', '57b4fab4-5fee-4de6-80c2-3db0ece32ac7', 'VN02', 'Azul Bebê', '#9EC8E8', NULL, NULL, NULL, NULL, 1, '2026-06-11T15:48:02.141482+00:00') ON CONFLICT (id) DO NOTHING;
INSERT INTO public.product_variants (id, product_id, code, color, hex, image, thickness, width, sale_unit, sort_order, created_at) VALUES ('8c8907a6-939b-4b87-960b-74e5374d735d', '57b4fab4-5fee-4de6-80c2-3db0ece32ac7', 'VN03', 'Marinho', '#0D1B3D', NULL, NULL, NULL, NULL, 2, '2026-06-11T15:48:02.141482+00:00') ON CONFLICT (id) DO NOTHING;
INSERT INTO public.product_variants (id, product_id, code, color, hex, image, thickness, width, sale_unit, sort_order, created_at) VALUES ('089a4a9d-1f94-4bf6-bc3c-c4d77cb7a2fe', '57b4fab4-5fee-4de6-80c2-3db0ece32ac7', 'VN04', 'Azul Royal', '#1E40AF', NULL, NULL, NULL, NULL, 3, '2026-06-11T15:48:02.141482+00:00') ON CONFLICT (id) DO NOTHING;
INSERT INTO public.product_variants (id, product_id, code, color, hex, image, thickness, width, sale_unit, sort_order, created_at) VALUES ('3c1e7491-0afc-4068-8121-c51b7905ee61', '57b4fab4-5fee-4de6-80c2-3db0ece32ac7', 'VN05', 'Bege', '#C9A57A', NULL, NULL, NULL, NULL, 4, '2026-06-11T15:48:02.141482+00:00') ON CONFLICT (id) DO NOTHING;
INSERT INTO public.product_variants (id, product_id, code, color, hex, image, thickness, width, sale_unit, sort_order, created_at) VALUES ('a79d452a-1d59-401d-b009-d1b6688c02b6', '57b4fab4-5fee-4de6-80c2-3db0ece32ac7', 'VN06', 'Branco', '#F4F4F2', NULL, NULL, NULL, NULL, 5, '2026-06-11T15:48:02.141482+00:00') ON CONFLICT (id) DO NOTHING;
INSERT INTO public.product_variants (id, product_id, code, color, hex, image, thickness, width, sale_unit, sort_order, created_at) VALUES ('71befea5-0e01-41c7-9c9c-6f5a6b65e615', '57b4fab4-5fee-4de6-80c2-3db0ece32ac7', 'VN07', 'Preto', '#111111', NULL, NULL, NULL, NULL, 6, '2026-06-11T15:48:02.141482+00:00') ON CONFLICT (id) DO NOTHING;
INSERT INTO public.product_variants (id, product_id, code, color, hex, image, thickness, width, sale_unit, sort_order, created_at) VALUES ('1c46913e-cc39-49fa-b706-2c5600b1956b', '57b4fab4-5fee-4de6-80c2-3db0ece32ac7', 'VN08', 'Grafite', '#3A3A3A', NULL, NULL, NULL, NULL, 7, '2026-06-11T15:48:02.141482+00:00') ON CONFLICT (id) DO NOTHING;
INSERT INTO public.product_variants (id, product_id, code, color, hex, image, thickness, width, sale_unit, sort_order, created_at) VALUES ('2114945e-4f60-472c-aee7-570cd63cfd14', '57b4fab4-5fee-4de6-80c2-3db0ece32ac7', 'VN09', 'Rosa Bebê', '#F8C8DC', NULL, NULL, NULL, NULL, 8, '2026-06-11T15:48:02.141482+00:00') ON CONFLICT (id) DO NOTHING;
INSERT INTO public.product_variants (id, product_id, code, color, hex, image, thickness, width, sale_unit, sort_order, created_at) VALUES ('30386599-e4ba-4779-8e08-6b36ebb44d97', '57b4fab4-5fee-4de6-80c2-3db0ece32ac7', 'VN10', 'Pink', '#E91E63', NULL, NULL, NULL, NULL, 9, '2026-06-11T15:48:02.141482+00:00') ON CONFLICT (id) DO NOTHING;
INSERT INTO public.product_variants (id, product_id, code, color, hex, image, thickness, width, sale_unit, sort_order, created_at) VALUES ('bac6c3a3-76df-40ac-aaf3-1e313c745f67', '57b4fab4-5fee-4de6-80c2-3db0ece32ac7', 'VN11', 'Rosa Chiclé', '#FF66A3', NULL, NULL, NULL, NULL, 10, '2026-06-11T15:48:02.141482+00:00') ON CONFLICT (id) DO NOTHING;
INSERT INTO public.product_variants (id, product_id, code, color, hex, image, thickness, width, sale_unit, sort_order, created_at) VALUES ('d248acd4-ea45-48b7-bfcb-bd8da1bee313', '57b4fab4-5fee-4de6-80c2-3db0ece32ac7', 'VN12', 'Lilás', '#C8A2C8', NULL, NULL, NULL, NULL, 11, '2026-06-11T15:48:02.141482+00:00') ON CONFLICT (id) DO NOTHING;
INSERT INTO public.product_variants (id, product_id, code, color, hex, image, thickness, width, sale_unit, sort_order, created_at) VALUES ('d55c8716-b62b-4b3f-b653-2f7932da6d61', '57b4fab4-5fee-4de6-80c2-3db0ece32ac7', 'VN13', 'Marfim', '#F1ECD6', NULL, NULL, NULL, NULL, 12, '2026-06-11T15:48:02.141482+00:00') ON CONFLICT (id) DO NOTHING;
INSERT INTO public.product_variants (id, product_id, code, color, hex, image, thickness, width, sale_unit, sort_order, created_at) VALUES ('a9f458c0-0247-404d-b1b5-365ec72733e7', '57b4fab4-5fee-4de6-80c2-3db0ece32ac7', 'VN14', 'Verde Pistache', '#93C572', NULL, NULL, NULL, NULL, 13, '2026-06-11T15:48:02.141482+00:00') ON CONFLICT (id) DO NOTHING;
INSERT INTO public.product_variants (id, product_id, code, color, hex, image, thickness, width, sale_unit, sort_order, created_at) VALUES ('2b7151bd-6600-4346-a0a4-baa2786c7d5c', '57b4fab4-5fee-4de6-80c2-3db0ece32ac7', 'VN15', 'Verde Bandeira', '#0E7B2A', NULL, NULL, NULL, NULL, 14, '2026-06-11T15:48:02.141482+00:00') ON CONFLICT (id) DO NOTHING;
INSERT INTO public.product_variants (id, product_id, code, color, hex, image, thickness, width, sale_unit, sort_order, created_at) VALUES ('e49bc314-f3d5-4d85-8f1e-1acaaf303f41', '57b4fab4-5fee-4de6-80c2-3db0ece32ac7', 'VN16', 'Verde Bebê', '#B7E4C7', NULL, NULL, NULL, NULL, 15, '2026-06-11T15:48:02.141482+00:00') ON CONFLICT (id) DO NOTHING;
INSERT INTO public.product_variants (id, product_id, code, color, hex, image, thickness, width, sale_unit, sort_order, created_at) VALUES ('b3a75d36-9b1e-4fd8-b44b-6e8d055cdb73', '57b4fab4-5fee-4de6-80c2-3db0ece32ac7', 'VN17', 'Marrom', '#5D3A1A', NULL, NULL, NULL, NULL, 16, '2026-06-11T15:48:02.141482+00:00') ON CONFLICT (id) DO NOTHING;
INSERT INTO public.product_variants (id, product_id, code, color, hex, image, thickness, width, sale_unit, sort_order, created_at) VALUES ('dd8ae1fd-3f9e-471a-94ac-4a5575a58698', '57b4fab4-5fee-4de6-80c2-3db0ece32ac7', 'VN18', 'Vermelho', '#C81E1E', NULL, NULL, NULL, NULL, 17, '2026-06-11T15:48:02.141482+00:00') ON CONFLICT (id) DO NOTHING;
INSERT INTO public.product_variants (id, product_id, code, color, hex, image, thickness, width, sale_unit, sort_order, created_at) VALUES ('3dbe7e06-1790-4d59-aa86-64476c7621f4', '57b4fab4-5fee-4de6-80c2-3db0ece32ac7', 'VN19', 'Roxo', '#6A1B9A', NULL, NULL, NULL, NULL, 18, '2026-06-11T15:48:02.141482+00:00') ON CONFLICT (id) DO NOTHING;
INSERT INTO public.product_variants (id, product_id, code, color, hex, image, thickness, width, sale_unit, sort_order, created_at) VALUES ('21694201-bc5d-4316-a2bc-e2208f564020', '57b4fab4-5fee-4de6-80c2-3db0ece32ac7', 'VN20', 'Amarelo', '#F5C518', NULL, NULL, NULL, NULL, 19, '2026-06-11T15:48:02.141482+00:00') ON CONFLICT (id) DO NOTHING;
INSERT INTO public.product_variants (id, product_id, code, color, hex, image, thickness, width, sale_unit, sort_order, created_at) VALUES ('d8a9351f-4512-406b-b082-05e69656646f', 'fc4226e9-ad74-412a-a023-9fa9a958b3f3', 'JQ01', 'Padrão 8712', '#C9A57A', NULL, NULL, NULL, NULL, 0, '2026-06-11T15:48:02.375421+00:00') ON CONFLICT (id) DO NOTHING;
INSERT INTO public.product_variants (id, product_id, code, color, hex, image, thickness, width, sale_unit, sort_order, created_at) VALUES ('2158f704-cee4-4f08-8709-74b7b06b461f', 'fc4226e9-ad74-412a-a023-9fa9a958b3f3', 'JQ02', 'Padrão 8747', '#C9A57A', NULL, NULL, NULL, NULL, 1, '2026-06-11T15:48:02.375421+00:00') ON CONFLICT (id) DO NOTHING;
INSERT INTO public.product_variants (id, product_id, code, color, hex, image, thickness, width, sale_unit, sort_order, created_at) VALUES ('2158b442-66f2-436b-9203-0f4f9e791a2a', 'fc4226e9-ad74-412a-a023-9fa9a958b3f3', 'JQ03', 'Padrão 8731', '#C9A57A', NULL, NULL, NULL, NULL, 2, '2026-06-11T15:48:02.375421+00:00') ON CONFLICT (id) DO NOTHING;
INSERT INTO public.product_variants (id, product_id, code, color, hex, image, thickness, width, sale_unit, sort_order, created_at) VALUES ('ce019227-98ab-414d-a210-4b870efcbf74', 'fc4226e9-ad74-412a-a023-9fa9a958b3f3', 'JQ04', 'Padrão 8732', '#C9A57A', NULL, NULL, NULL, NULL, 3, '2026-06-11T15:48:02.375421+00:00') ON CONFLICT (id) DO NOTHING;
INSERT INTO public.product_variants (id, product_id, code, color, hex, image, thickness, width, sale_unit, sort_order, created_at) VALUES ('b31c5321-5681-4951-9d69-55251400de94', 'fc4226e9-ad74-412a-a023-9fa9a958b3f3', 'JQ05', 'Padrão 8748', '#C9A57A', NULL, NULL, NULL, NULL, 4, '2026-06-11T15:48:02.375421+00:00') ON CONFLICT (id) DO NOTHING;
INSERT INTO public.product_variants (id, product_id, code, color, hex, image, thickness, width, sale_unit, sort_order, created_at) VALUES ('d0c1d682-9dbf-4f2e-b7c3-bb3694d6e921', 'fc4226e9-ad74-412a-a023-9fa9a958b3f3', 'JQ06', 'Padrão 8728', '#C9A57A', NULL, NULL, NULL, NULL, 5, '2026-06-11T15:48:02.375421+00:00') ON CONFLICT (id) DO NOTHING;
INSERT INTO public.product_variants (id, product_id, code, color, hex, image, thickness, width, sale_unit, sort_order, created_at) VALUES ('6a624340-e660-4407-8494-36a89a4448b7', 'fc4226e9-ad74-412a-a023-9fa9a958b3f3', 'JQ07', 'Padrão 8736', '#C9A57A', NULL, NULL, NULL, NULL, 6, '2026-06-11T15:48:02.375421+00:00') ON CONFLICT (id) DO NOTHING;
INSERT INTO public.product_variants (id, product_id, code, color, hex, image, thickness, width, sale_unit, sort_order, created_at) VALUES ('8bc830f1-a4d8-4078-8b39-40121db40418', 'fc4226e9-ad74-412a-a023-9fa9a958b3f3', 'JQ08', 'Padrão 8749', '#C9A57A', NULL, NULL, NULL, NULL, 7, '2026-06-11T15:48:02.375421+00:00') ON CONFLICT (id) DO NOTHING;
INSERT INTO public.product_variants (id, product_id, code, color, hex, image, thickness, width, sale_unit, sort_order, created_at) VALUES ('e6974eb8-147c-486f-a86e-b7e3d4ba081e', 'fc4226e9-ad74-412a-a023-9fa9a958b3f3', 'JQ09', 'Padrão 8715', '#C9A57A', NULL, NULL, NULL, NULL, 8, '2026-06-11T15:48:02.375421+00:00') ON CONFLICT (id) DO NOTHING;
INSERT INTO public.product_variants (id, product_id, code, color, hex, image, thickness, width, sale_unit, sort_order, created_at) VALUES ('d76bfbcd-312a-4d1d-a456-915dbcc51ff9', 'fc4226e9-ad74-412a-a023-9fa9a958b3f3', 'JQ10', 'Padrão 8734', '#C9A57A', NULL, NULL, NULL, NULL, 9, '2026-06-11T15:48:02.375421+00:00') ON CONFLICT (id) DO NOTHING;
INSERT INTO public.product_variants (id, product_id, code, color, hex, image, thickness, width, sale_unit, sort_order, created_at) VALUES ('2600f90a-d801-44aa-898d-9132f1328255', 'fc4226e9-ad74-412a-a023-9fa9a958b3f3', 'JQ11', 'Padrão 8718', '#C9A57A', NULL, NULL, NULL, NULL, 10, '2026-06-11T15:48:02.375421+00:00') ON CONFLICT (id) DO NOTHING;
INSERT INTO public.product_variants (id, product_id, code, color, hex, image, thickness, width, sale_unit, sort_order, created_at) VALUES ('1dc27de4-fd9f-4f69-b283-b6600ec49481', 'fc4226e9-ad74-412a-a023-9fa9a958b3f3', 'JQ12', 'Padrão 8713', '#C9A57A', NULL, NULL, NULL, NULL, 11, '2026-06-11T15:48:02.375421+00:00') ON CONFLICT (id) DO NOTHING;
INSERT INTO public.product_variants (id, product_id, code, color, hex, image, thickness, width, sale_unit, sort_order, created_at) VALUES ('14572741-ead6-4e3b-a02d-dcef5b45f4e7', 'fc4226e9-ad74-412a-a023-9fa9a958b3f3', 'JQ13', 'Padrão 8752', '#C9A57A', NULL, NULL, NULL, NULL, 12, '2026-06-11T15:48:02.375421+00:00') ON CONFLICT (id) DO NOTHING;
INSERT INTO public.product_variants (id, product_id, code, color, hex, image, thickness, width, sale_unit, sort_order, created_at) VALUES ('29ecd8ea-cef6-404f-a65e-20e6d361cf23', 'fc4226e9-ad74-412a-a023-9fa9a958b3f3', 'JQ14', 'Padrão 8726', '#C9A57A', NULL, NULL, NULL, NULL, 13, '2026-06-11T15:48:02.375421+00:00') ON CONFLICT (id) DO NOTHING;
INSERT INTO public.product_variants (id, product_id, code, color, hex, image, thickness, width, sale_unit, sort_order, created_at) VALUES ('5647a354-15e4-4cff-8364-f7f4c6abce60', 'ed6bc88e-19bd-4c02-a915-39ee7e18444d', 'TC01', 'Ciranda', '#E4D2A6', NULL, NULL, NULL, NULL, 0, '2026-06-11T15:48:02.599886+00:00') ON CONFLICT (id) DO NOTHING;
INSERT INTO public.product_variants (id, product_id, code, color, hex, image, thickness, width, sale_unit, sort_order, created_at) VALUES ('b1e07847-5330-403d-afb0-bb36d473d7a7', 'ed6bc88e-19bd-4c02-a915-39ee7e18444d', 'TC02', 'Crochê', '#E4D2A6', NULL, NULL, NULL, NULL, 1, '2026-06-11T15:48:02.599886+00:00') ON CONFLICT (id) DO NOTHING;
INSERT INTO public.product_variants (id, product_id, code, color, hex, image, thickness, width, sale_unit, sort_order, created_at) VALUES ('4dbf8101-78c5-4d86-95a3-9620437ef070', 'ed6bc88e-19bd-4c02-a915-39ee7e18444d', 'TC03', 'Marguerith', '#E4D2A6', NULL, NULL, NULL, NULL, 2, '2026-06-11T15:48:02.599886+00:00') ON CONFLICT (id) DO NOTHING;
INSERT INTO public.product_variants (id, product_id, code, color, hex, image, thickness, width, sale_unit, sort_order, created_at) VALUES ('3377ca6f-aa70-4209-a7e9-90949efea0a3', 'ed6bc88e-19bd-4c02-a915-39ee7e18444d', 'TC04', 'Rosetas', '#E4D2A6', NULL, NULL, NULL, NULL, 3, '2026-06-11T15:48:02.599886+00:00') ON CONFLICT (id) DO NOTHING;
INSERT INTO public.product_variants (id, product_id, code, color, hex, image, thickness, width, sale_unit, sort_order, created_at) VALUES ('af3f4494-95ca-4727-a5f6-80d0c0759df9', 'ed6bc88e-19bd-4c02-a915-39ee7e18444d', 'TC05', 'Versalles', '#E4D2A6', NULL, NULL, NULL, NULL, 4, '2026-06-11T15:48:02.599886+00:00') ON CONFLICT (id) DO NOTHING;
INSERT INTO public.product_variants (id, product_id, code, color, hex, image, thickness, width, sale_unit, sort_order, created_at) VALUES ('74bfcf26-9a33-40c6-912f-1f994f49bc31', '3ce80de7-b790-4f9c-ae72-c15648dfe691', 'TCC01', 'Antiga', '#E4D2A6', NULL, NULL, NULL, NULL, 0, '2026-06-11T15:48:02.823613+00:00') ON CONFLICT (id) DO NOTHING;
INSERT INTO public.product_variants (id, product_id, code, color, hex, image, thickness, width, sale_unit, sort_order, created_at) VALUES ('05b8d86f-ea07-4ecd-942d-8ce34df6a99f', '3ce80de7-b790-4f9c-ae72-c15648dfe691', 'TCC02', 'E877', '#E4D2A6', NULL, NULL, NULL, NULL, 1, '2026-06-11T15:48:02.823613+00:00') ON CONFLICT (id) DO NOTHING;
INSERT INTO public.product_variants (id, product_id, code, color, hex, image, thickness, width, sale_unit, sort_order, created_at) VALUES ('850f419d-34f2-450f-b060-1132226cce8d', '3ce80de7-b790-4f9c-ae72-c15648dfe691', 'TCC03', 'E216', '#E4D2A6', NULL, NULL, NULL, NULL, 2, '2026-06-11T15:48:02.823613+00:00') ON CONFLICT (id) DO NOTHING;
INSERT INTO public.product_variants (id, product_id, code, color, hex, image, thickness, width, sale_unit, sort_order, created_at) VALUES ('2c72a13d-1561-4430-909d-6b2cb90174d0', '3ce80de7-b790-4f9c-ae72-c15648dfe691', 'TCC04', 'E804', '#E4D2A6', NULL, NULL, NULL, NULL, 3, '2026-06-11T15:48:02.823613+00:00') ON CONFLICT (id) DO NOTHING;
INSERT INTO public.product_variants (id, product_id, code, color, hex, image, thickness, width, sale_unit, sort_order, created_at) VALUES ('bb910f26-e3a8-4022-bb6c-07778e28d848', '3ce80de7-b790-4f9c-ae72-c15648dfe691', 'TCC05', 'I181', '#E4D2A6', NULL, NULL, NULL, NULL, 4, '2026-06-11T15:48:02.823613+00:00') ON CONFLICT (id) DO NOTHING;
INSERT INTO public.product_variants (id, product_id, code, color, hex, image, thickness, width, sale_unit, sort_order, created_at) VALUES ('9406def7-41f8-43f9-a426-dabd8b667a70', '3ce80de7-b790-4f9c-ae72-c15648dfe691', 'TCC06', 'J116', '#E4D2A6', NULL, NULL, NULL, NULL, 5, '2026-06-11T15:48:02.823613+00:00') ON CONFLICT (id) DO NOTHING;
INSERT INTO public.product_variants (id, product_id, code, color, hex, image, thickness, width, sale_unit, sort_order, created_at) VALUES ('5cb54f71-4a24-4a44-b64e-21f4a6272bfc', '3ce80de7-b790-4f9c-ae72-c15648dfe691', 'TCC07', 'J200', '#E4D2A6', NULL, NULL, NULL, NULL, 6, '2026-06-11T15:48:02.823613+00:00') ON CONFLICT (id) DO NOTHING;
INSERT INTO public.product_variants (id, product_id, code, color, hex, image, thickness, width, sale_unit, sort_order, created_at) VALUES ('596d280d-22f8-460a-8ad4-6626b09c2df4', '3ce80de7-b790-4f9c-ae72-c15648dfe691', 'TCC08', 'J472', '#E4D2A6', NULL, NULL, NULL, NULL, 7, '2026-06-11T15:48:02.823613+00:00') ON CONFLICT (id) DO NOTHING;
INSERT INTO public.product_variants (id, product_id, code, color, hex, image, thickness, width, sale_unit, sort_order, created_at) VALUES ('87c59c2e-51a2-42a0-8aed-e4e52d5c25a5', '3ce80de7-b790-4f9c-ae72-c15648dfe691', 'TCC09', 'J536', '#E4D2A6', NULL, NULL, NULL, NULL, 8, '2026-06-11T15:48:02.823613+00:00') ON CONFLICT (id) DO NOTHING;
INSERT INTO public.product_variants (id, product_id, code, color, hex, image, thickness, width, sale_unit, sort_order, created_at) VALUES ('aabf2643-c852-438a-9160-6bfafca7ac75', '3ce80de7-b790-4f9c-ae72-c15648dfe691', 'TCC10', 'J589', '#E4D2A6', NULL, NULL, NULL, NULL, 9, '2026-06-11T15:48:02.823613+00:00') ON CONFLICT (id) DO NOTHING;
INSERT INTO public.product_variants (id, product_id, code, color, hex, image, thickness, width, sale_unit, sort_order, created_at) VALUES ('96522a82-4d62-4ddf-8c35-f9a76918f035', '3ce80de7-b790-4f9c-ae72-c15648dfe691', 'TCC11', 'J1837', '#E4D2A6', NULL, NULL, NULL, NULL, 10, '2026-06-11T15:48:02.823613+00:00') ON CONFLICT (id) DO NOTHING;
INSERT INTO public.product_variants (id, product_id, code, color, hex, image, thickness, width, sale_unit, sort_order, created_at) VALUES ('101cbb55-1139-4102-bb02-fcbecd82b0ce', '3ce80de7-b790-4f9c-ae72-c15648dfe691', 'TCC12', 'M033', '#E4D2A6', NULL, NULL, NULL, NULL, 11, '2026-06-11T15:48:02.823613+00:00') ON CONFLICT (id) DO NOTHING;
INSERT INTO public.product_variants (id, product_id, code, color, hex, image, thickness, width, sale_unit, sort_order, created_at) VALUES ('696fd7da-1b67-4741-85c7-9f89bd7d514e', '3ce80de7-b790-4f9c-ae72-c15648dfe691', 'TCC13', 'M61', '#E4D2A6', NULL, NULL, NULL, NULL, 12, '2026-06-11T15:48:02.823613+00:00') ON CONFLICT (id) DO NOTHING;
INSERT INTO public.product_variants (id, product_id, code, color, hex, image, thickness, width, sale_unit, sort_order, created_at) VALUES ('43c0b98e-58ab-4366-bde7-4324197cc152', '3ce80de7-b790-4f9c-ae72-c15648dfe691', 'TCC14', 'M98', '#E4D2A6', NULL, NULL, NULL, NULL, 13, '2026-06-11T15:48:02.823613+00:00') ON CONFLICT (id) DO NOTHING;
INSERT INTO public.product_variants (id, product_id, code, color, hex, image, thickness, width, sale_unit, sort_order, created_at) VALUES ('a3779b9f-d846-45c1-a07a-3b23820f33c9', '3ce80de7-b790-4f9c-ae72-c15648dfe691', 'TCC15', 'M99B', '#E4D2A6', NULL, NULL, NULL, NULL, 14, '2026-06-11T15:48:02.823613+00:00') ON CONFLICT (id) DO NOTHING;
INSERT INTO public.product_variants (id, product_id, code, color, hex, image, thickness, width, sale_unit, sort_order, created_at) VALUES ('ae6379bf-2a30-4766-bfce-1eafbdc22bb0', '3ce80de7-b790-4f9c-ae72-c15648dfe691', 'TCC16', 'M99C', '#E4D2A6', NULL, NULL, NULL, NULL, 15, '2026-06-11T15:48:02.823613+00:00') ON CONFLICT (id) DO NOTHING;
INSERT INTO public.product_variants (id, product_id, code, color, hex, image, thickness, width, sale_unit, sort_order, created_at) VALUES ('79715cd4-baa9-46da-9cf9-892162d74a54', '3ce80de7-b790-4f9c-ae72-c15648dfe691', 'TCC17', 'M108', '#E4D2A6', NULL, NULL, NULL, NULL, 16, '2026-06-11T15:48:02.823613+00:00') ON CONFLICT (id) DO NOTHING;
INSERT INTO public.product_variants (id, product_id, code, color, hex, image, thickness, width, sale_unit, sort_order, created_at) VALUES ('e4bde936-e7a9-4b39-9fcd-203824a4884f', '3ce80de7-b790-4f9c-ae72-c15648dfe691', 'TCC18', 'M114', '#E4D2A6', NULL, NULL, NULL, NULL, 17, '2026-06-11T15:48:02.823613+00:00') ON CONFLICT (id) DO NOTHING;
INSERT INTO public.product_variants (id, product_id, code, color, hex, image, thickness, width, sale_unit, sort_order, created_at) VALUES ('98790e1e-e688-416f-b6c1-d6e7c23a5728', '3ce80de7-b790-4f9c-ae72-c15648dfe691', 'TCC19', 'M177', '#E4D2A6', NULL, NULL, NULL, NULL, 18, '2026-06-11T15:48:02.823613+00:00') ON CONFLICT (id) DO NOTHING;
INSERT INTO public.product_variants (id, product_id, code, color, hex, image, thickness, width, sale_unit, sort_order, created_at) VALUES ('ca1d6c91-32cb-4bbd-966c-a6a29fd6d22f', '3ce80de7-b790-4f9c-ae72-c15648dfe691', 'TCC20', 'M220', '#E4D2A6', NULL, NULL, NULL, NULL, 19, '2026-06-11T15:48:02.823613+00:00') ON CONFLICT (id) DO NOTHING;
INSERT INTO public.product_variants (id, product_id, code, color, hex, image, thickness, width, sale_unit, sort_order, created_at) VALUES ('67200930-fab9-4094-b360-1292cbe3c928', '3ce80de7-b790-4f9c-ae72-c15648dfe691', 'TCC21', 'M228', '#E4D2A6', NULL, NULL, NULL, NULL, 20, '2026-06-11T15:48:02.823613+00:00') ON CONFLICT (id) DO NOTHING;
INSERT INTO public.product_variants (id, product_id, code, color, hex, image, thickness, width, sale_unit, sort_order, created_at) VALUES ('ee9186b6-19a7-4312-9a6f-83c932aab8c9', '3ce80de7-b790-4f9c-ae72-c15648dfe691', 'TCC22', 'M352', '#E4D2A6', NULL, NULL, NULL, NULL, 21, '2026-06-11T15:48:02.823613+00:00') ON CONFLICT (id) DO NOTHING;
INSERT INTO public.product_variants (id, product_id, code, color, hex, image, thickness, width, sale_unit, sort_order, created_at) VALUES ('37c6f8d3-16ee-4ee0-b563-90037c52804c', '3ce80de7-b790-4f9c-ae72-c15648dfe691', 'TCC23', 'M371', '#E4D2A6', NULL, NULL, NULL, NULL, 22, '2026-06-11T15:48:02.823613+00:00') ON CONFLICT (id) DO NOTHING;
INSERT INTO public.product_variants (id, product_id, code, color, hex, image, thickness, width, sale_unit, sort_order, created_at) VALUES ('6e663776-31d5-437b-8cf5-48c554db1e20', '3ce80de7-b790-4f9c-ae72-c15648dfe691', 'TCC24', 'M470', '#E4D2A6', NULL, NULL, NULL, NULL, 23, '2026-06-11T15:48:02.823613+00:00') ON CONFLICT (id) DO NOTHING;
INSERT INTO public.product_variants (id, product_id, code, color, hex, image, thickness, width, sale_unit, sort_order, created_at) VALUES ('13dac535-dc25-4db5-b437-16bf8edcfe3b', '3ce80de7-b790-4f9c-ae72-c15648dfe691', 'TCC25', 'M520', '#E4D2A6', NULL, NULL, NULL, NULL, 24, '2026-06-11T15:48:02.823613+00:00') ON CONFLICT (id) DO NOTHING;
INSERT INTO public.product_variants (id, product_id, code, color, hex, image, thickness, width, sale_unit, sort_order, created_at) VALUES ('8d97e256-3a88-4132-aa55-cb43efceca22', '3ce80de7-b790-4f9c-ae72-c15648dfe691', 'TCC26', 'M539', '#E4D2A6', NULL, NULL, NULL, NULL, 25, '2026-06-11T15:48:02.823613+00:00') ON CONFLICT (id) DO NOTHING;
INSERT INTO public.product_variants (id, product_id, code, color, hex, image, thickness, width, sale_unit, sort_order, created_at) VALUES ('50028e03-fccc-4853-bdbd-af6b1e66c7af', '3ce80de7-b790-4f9c-ae72-c15648dfe691', 'TCC27', 'M551', '#E4D2A6', NULL, NULL, NULL, NULL, 26, '2026-06-11T15:48:02.823613+00:00') ON CONFLICT (id) DO NOTHING;
INSERT INTO public.product_variants (id, product_id, code, color, hex, image, thickness, width, sale_unit, sort_order, created_at) VALUES ('43481b48-5626-4482-902e-11489df47c28', '3ce80de7-b790-4f9c-ae72-c15648dfe691', 'TCC28', 'M586-1T', '#E4D2A6', NULL, NULL, NULL, NULL, 27, '2026-06-11T15:48:02.823613+00:00') ON CONFLICT (id) DO NOTHING;
INSERT INTO public.product_variants (id, product_id, code, color, hex, image, thickness, width, sale_unit, sort_order, created_at) VALUES ('004e3a02-a1df-486f-9750-f195a08b9d20', '3ce80de7-b790-4f9c-ae72-c15648dfe691', 'TCC29', 'M586-6T', '#E4D2A6', NULL, NULL, NULL, NULL, 28, '2026-06-11T15:48:02.823613+00:00') ON CONFLICT (id) DO NOTHING;
INSERT INTO public.product_variants (id, product_id, code, color, hex, image, thickness, width, sale_unit, sort_order, created_at) VALUES ('df63d761-b752-48f6-8ea0-7a09fab49f70', '3ce80de7-b790-4f9c-ae72-c15648dfe691', 'TCC30', 'M650', '#E4D2A6', NULL, NULL, NULL, NULL, 29, '2026-06-11T15:48:02.823613+00:00') ON CONFLICT (id) DO NOTHING;
INSERT INTO public.product_variants (id, product_id, code, color, hex, image, thickness, width, sale_unit, sort_order, created_at) VALUES ('5174ae13-fccd-456b-a8a4-4fb2c19ff425', '3ce80de7-b790-4f9c-ae72-c15648dfe691', 'TCC31', 'M801-1T', '#E4D2A6', NULL, NULL, NULL, NULL, 30, '2026-06-11T15:48:02.823613+00:00') ON CONFLICT (id) DO NOTHING;
INSERT INTO public.product_variants (id, product_id, code, color, hex, image, thickness, width, sale_unit, sort_order, created_at) VALUES ('b4803d8f-92b7-4dbb-a8a6-116bf9ef39c5', '3ce80de7-b790-4f9c-ae72-c15648dfe691', 'TCC32', 'M801-17L', '#E4D2A6', NULL, NULL, NULL, NULL, 31, '2026-06-11T15:48:02.823613+00:00') ON CONFLICT (id) DO NOTHING;
INSERT INTO public.product_variants (id, product_id, code, color, hex, image, thickness, width, sale_unit, sort_order, created_at) VALUES ('94783e66-ab29-41aa-beba-4f624db551a8', '3ce80de7-b790-4f9c-ae72-c15648dfe691', 'TCC33', 'M878', '#E4D2A6', NULL, NULL, NULL, NULL, 32, '2026-06-11T15:48:02.823613+00:00') ON CONFLICT (id) DO NOTHING;
INSERT INTO public.product_variants (id, product_id, code, color, hex, image, thickness, width, sale_unit, sort_order, created_at) VALUES ('219fd2a9-1e41-489e-8bd7-d9b1ae5f9a9f', '3ce80de7-b790-4f9c-ae72-c15648dfe691', 'TCC34', 'M900', '#E4D2A6', NULL, NULL, NULL, NULL, 33, '2026-06-11T15:48:02.823613+00:00') ON CONFLICT (id) DO NOTHING;
INSERT INTO public.product_variants (id, product_id, code, color, hex, image, thickness, width, sale_unit, sort_order, created_at) VALUES ('67277956-47a7-44d8-9057-34ac3c308222', '3ce80de7-b790-4f9c-ae72-c15648dfe691', 'TCC35', 'M986', '#E4D2A6', NULL, NULL, NULL, NULL, 34, '2026-06-11T15:48:02.823613+00:00') ON CONFLICT (id) DO NOTHING;
INSERT INTO public.product_variants (id, product_id, code, color, hex, image, thickness, width, sale_unit, sort_order, created_at) VALUES ('6da425a9-a17b-47b3-936a-e2c2c142e7ab', '97d336ab-57ac-4453-ba44-6cee9d9aa5cc', 'TNN01', '355-1', '#C81E1E', NULL, NULL, NULL, NULL, 0, '2026-06-11T15:48:03.045173+00:00') ON CONFLICT (id) DO NOTHING;
INSERT INTO public.product_variants (id, product_id, code, color, hex, image, thickness, width, sale_unit, sort_order, created_at) VALUES ('eb4e0d1d-d604-4304-b1f9-10add6e57661', '97d336ab-57ac-4453-ba44-6cee9d9aa5cc', 'TNN02', 'Feliz Natal', '#C81E1E', NULL, NULL, NULL, NULL, 1, '2026-06-11T15:48:03.045173+00:00') ON CONFLICT (id) DO NOTHING;
INSERT INTO public.product_variants (id, product_id, code, color, hex, image, thickness, width, sale_unit, sort_order, created_at) VALUES ('e8c41176-3c9c-47dd-84d4-ef76cb236378', '97d336ab-57ac-4453-ba44-6cee9d9aa5cc', 'TNN03', '186C', '#C81E1E', NULL, NULL, NULL, NULL, 2, '2026-06-11T15:48:03.045173+00:00') ON CONFLICT (id) DO NOTHING;
INSERT INTO public.product_variants (id, product_id, code, color, hex, image, thickness, width, sale_unit, sort_order, created_at) VALUES ('e91e12bb-5469-46ba-9d24-82cbaaf0e802', '97d336ab-57ac-4453-ba44-6cee9d9aa5cc', 'TNN04', '360-5', '#C81E1E', NULL, NULL, NULL, NULL, 3, '2026-06-11T15:48:03.045173+00:00') ON CONFLICT (id) DO NOTHING;
INSERT INTO public.product_variants (id, product_id, code, color, hex, image, thickness, width, sale_unit, sort_order, created_at) VALUES ('fa807eff-0b8d-4ed8-ae45-dd4117b00d0d', '99b78221-58ec-47d1-b2c6-b68bf6e32469', 'TR01', '23 ToaCrocColor', '#F1ECD6', NULL, NULL, NULL, NULL, 0, '2026-06-11T15:48:03.274155+00:00') ON CONFLICT (id) DO NOTHING;
INSERT INTO public.product_variants (id, product_id, code, color, hex, image, thickness, width, sale_unit, sort_order, created_at) VALUES ('c004c687-efcc-4802-821f-a3cc57d4a955', '99b78221-58ec-47d1-b2c6-b68bf6e32469', 'TR02', '25 ToaCrocColor', '#F1ECD6', NULL, NULL, NULL, NULL, 1, '2026-06-11T15:48:03.274155+00:00') ON CONFLICT (id) DO NOTHING;
INSERT INTO public.product_variants (id, product_id, code, color, hex, image, thickness, width, sale_unit, sort_order, created_at) VALUES ('6d2bec32-9e07-4e70-9fc2-cd53f8f1f762', '99b78221-58ec-47d1-b2c6-b68bf6e32469', 'TR03', '26 ToaCrocColor', '#F1ECD6', NULL, NULL, NULL, NULL, 2, '2026-06-11T15:48:03.274155+00:00') ON CONFLICT (id) DO NOTHING;
INSERT INTO public.product_variants (id, product_id, code, color, hex, image, thickness, width, sale_unit, sort_order, created_at) VALUES ('edf05862-b045-44a7-9103-8519a8c02119', '99b78221-58ec-47d1-b2c6-b68bf6e32469', 'TR04', '30 ToaCrocColor', '#F1ECD6', NULL, NULL, NULL, NULL, 3, '2026-06-11T15:48:03.274155+00:00') ON CONFLICT (id) DO NOTHING;
INSERT INTO public.product_variants (id, product_id, code, color, hex, image, thickness, width, sale_unit, sort_order, created_at) VALUES ('4a52d689-1058-4989-8c15-eb13374b8643', '99b78221-58ec-47d1-b2c6-b68bf6e32469', 'TR05', '31 ToaCrocColor', '#F1ECD6', NULL, NULL, NULL, NULL, 4, '2026-06-11T15:48:03.274155+00:00') ON CONFLICT (id) DO NOTHING;
INSERT INTO public.product_variants (id, product_id, code, color, hex, image, thickness, width, sale_unit, sort_order, created_at) VALUES ('9c9bdbc4-5109-4dfe-81b4-507716c09f69', '99b78221-58ec-47d1-b2c6-b68bf6e32469', 'TR06', '45 ToaCrocColor', '#F1ECD6', NULL, NULL, NULL, NULL, 5, '2026-06-11T15:48:03.274155+00:00') ON CONFLICT (id) DO NOTHING;
INSERT INTO public.product_variants (id, product_id, code, color, hex, image, thickness, width, sale_unit, sort_order, created_at) VALUES ('0444e494-043a-4201-aaf4-297aa9519074', '99b78221-58ec-47d1-b2c6-b68bf6e32469', 'TR07', '50 ToaCrocColor', '#F1ECD6', NULL, NULL, NULL, NULL, 6, '2026-06-11T15:48:03.274155+00:00') ON CONFLICT (id) DO NOTHING;
INSERT INTO public.product_variants (id, product_id, code, color, hex, image, thickness, width, sale_unit, sort_order, created_at) VALUES ('6c66b3e3-d49e-49fd-9328-90b538c67372', '99b78221-58ec-47d1-b2c6-b68bf6e32469', 'TR08', '52 ToaCrocColor', '#F1ECD6', NULL, NULL, NULL, NULL, 7, '2026-06-11T15:48:03.274155+00:00') ON CONFLICT (id) DO NOTHING;
INSERT INTO public.product_variants (id, product_id, code, color, hex, image, thickness, width, sale_unit, sort_order, created_at) VALUES ('d454d42c-c95b-4404-a910-e164df5c4a97', '99b78221-58ec-47d1-b2c6-b68bf6e32469', 'TR09', 'J140', '#F1ECD6', NULL, NULL, NULL, NULL, 8, '2026-06-11T15:48:03.274155+00:00') ON CONFLICT (id) DO NOTHING;
INSERT INTO public.product_variants (id, product_id, code, color, hex, image, thickness, width, sale_unit, sort_order, created_at) VALUES ('8db71abb-1ce6-4379-92fe-fc0604c62336', '99b78221-58ec-47d1-b2c6-b68bf6e32469', 'TR10', 'LH-0408A', '#F1ECD6', NULL, NULL, NULL, NULL, 9, '2026-06-11T15:48:03.274155+00:00') ON CONFLICT (id) DO NOTHING;
INSERT INTO public.product_variants (id, product_id, code, color, hex, image, thickness, width, sale_unit, sort_order, created_at) VALUES ('b15ace89-0447-4389-b308-d4b2bb89c147', '99b78221-58ec-47d1-b2c6-b68bf6e32469', 'TR11', 'LH-0570A', '#F1ECD6', NULL, NULL, NULL, NULL, 10, '2026-06-11T15:48:03.274155+00:00') ON CONFLICT (id) DO NOTHING;
INSERT INTO public.product_variants (id, product_id, code, color, hex, image, thickness, width, sale_unit, sort_order, created_at) VALUES ('fe3f4639-48ae-4609-8a44-415c05fb7417', '99b78221-58ec-47d1-b2c6-b68bf6e32469', 'TR12', 'LH-0588A', '#F1ECD6', NULL, NULL, NULL, NULL, 11, '2026-06-11T15:48:03.274155+00:00') ON CONFLICT (id) DO NOTHING;
INSERT INTO public.product_variants (id, product_id, code, color, hex, image, thickness, width, sale_unit, sort_order, created_at) VALUES ('a9b464f9-1889-4236-bc8f-2ae6ad5ed8cf', '99b78221-58ec-47d1-b2c6-b68bf6e32469', 'TR13', '563V', '#F1ECD6', NULL, NULL, NULL, NULL, 12, '2026-06-11T15:48:03.274155+00:00') ON CONFLICT (id) DO NOTHING;
INSERT INTO public.product_variants (id, product_id, code, color, hex, image, thickness, width, sale_unit, sort_order, created_at) VALUES ('83885a68-b40b-413c-b4b0-d6c0afe2a6d5', '99b78221-58ec-47d1-b2c6-b68bf6e32469', 'TR14', '563U', '#F1ECD6', NULL, NULL, NULL, NULL, 13, '2026-06-11T15:48:03.274155+00:00') ON CONFLICT (id) DO NOTHING;
INSERT INTO public.product_variants (id, product_id, code, color, hex, image, thickness, width, sale_unit, sort_order, created_at) VALUES ('092290e3-cd5a-45b3-ab2e-8eeba5dd127c', '99b78221-58ec-47d1-b2c6-b68bf6e32469', 'TR15', '547U', '#F1ECD6', NULL, NULL, NULL, NULL, 14, '2026-06-11T15:48:03.274155+00:00') ON CONFLICT (id) DO NOTHING;
INSERT INTO public.product_variants (id, product_id, code, color, hex, image, thickness, width, sale_unit, sort_order, created_at) VALUES ('c427564a-07c8-49a3-9900-697261052f51', '99b78221-58ec-47d1-b2c6-b68bf6e32469', 'TR16', '545U', '#F1ECD6', NULL, NULL, NULL, NULL, 15, '2026-06-11T15:48:03.274155+00:00') ON CONFLICT (id) DO NOTHING;
INSERT INTO public.product_variants (id, product_id, code, color, hex, image, thickness, width, sale_unit, sort_order, created_at) VALUES ('bd4a016b-eeff-4c07-9746-b30c8291738d', '99b78221-58ec-47d1-b2c6-b68bf6e32469', 'TR17', '496U', '#F1ECD6', NULL, NULL, NULL, NULL, 16, '2026-06-11T15:48:03.274155+00:00') ON CONFLICT (id) DO NOTHING;
INSERT INTO public.product_variants (id, product_id, code, color, hex, image, thickness, width, sale_unit, sort_order, created_at) VALUES ('382cf093-1b4e-4ccc-b18c-4776c343df43', '99b78221-58ec-47d1-b2c6-b68bf6e32469', 'TR18', '494U', '#F1ECD6', NULL, NULL, NULL, NULL, 17, '2026-06-11T15:48:03.274155+00:00') ON CONFLICT (id) DO NOTHING;
INSERT INTO public.product_variants (id, product_id, code, color, hex, image, thickness, width, sale_unit, sort_order, created_at) VALUES ('be85e5b0-09a5-4c51-8b7b-630b6c01b81d', '99b78221-58ec-47d1-b2c6-b68bf6e32469', 'TR19', '489U', '#F1ECD6', NULL, NULL, NULL, NULL, 18, '2026-06-11T15:48:03.274155+00:00') ON CONFLICT (id) DO NOTHING;
INSERT INTO public.product_variants (id, product_id, code, color, hex, image, thickness, width, sale_unit, sort_order, created_at) VALUES ('aeb20e6c-31d9-4cbf-87fd-14f3014f7599', '99b78221-58ec-47d1-b2c6-b68bf6e32469', 'TR20', '482U', '#F1ECD6', NULL, NULL, NULL, NULL, 19, '2026-06-11T15:48:03.274155+00:00') ON CONFLICT (id) DO NOTHING;
INSERT INTO public.product_variants (id, product_id, code, color, hex, image, thickness, width, sale_unit, sort_order, created_at) VALUES ('d20aa605-e632-4a63-bdb8-e9386fefc613', '99b78221-58ec-47d1-b2c6-b68bf6e32469', 'TR21', '441U', '#F1ECD6', NULL, NULL, NULL, NULL, 20, '2026-06-11T15:48:03.274155+00:00') ON CONFLICT (id) DO NOTHING;
INSERT INTO public.product_variants (id, product_id, code, color, hex, image, thickness, width, sale_unit, sort_order, created_at) VALUES ('fc9f997b-03b5-4cee-96ad-0c525ab1fd08', '99b78221-58ec-47d1-b2c6-b68bf6e32469', 'TR22', '428V', '#F1ECD6', NULL, NULL, NULL, NULL, 21, '2026-06-11T15:48:03.274155+00:00') ON CONFLICT (id) DO NOTHING;
INSERT INTO public.product_variants (id, product_id, code, color, hex, image, thickness, width, sale_unit, sort_order, created_at) VALUES ('4228e4da-b5b8-4f1e-b19d-d7da908e73a2', '99b78221-58ec-47d1-b2c6-b68bf6e32469', 'TR23', '423V', '#F1ECD6', NULL, NULL, NULL, NULL, 22, '2026-06-11T15:48:03.274155+00:00') ON CONFLICT (id) DO NOTHING;
INSERT INTO public.product_variants (id, product_id, code, color, hex, image, thickness, width, sale_unit, sort_order, created_at) VALUES ('98f98ecb-2876-46ce-bfd5-36f1611a7b5e', '99b78221-58ec-47d1-b2c6-b68bf6e32469', 'TR24', '318U', '#F1ECD6', NULL, NULL, NULL, NULL, 23, '2026-06-11T15:48:03.274155+00:00') ON CONFLICT (id) DO NOTHING;
INSERT INTO public.product_variants (id, product_id, code, color, hex, image, thickness, width, sale_unit, sort_order, created_at) VALUES ('ac26d79c-885b-4fb3-876a-06d20fa38e00', '99b78221-58ec-47d1-b2c6-b68bf6e32469', 'TR25', '203U', '#F1ECD6', NULL, NULL, NULL, NULL, 24, '2026-06-11T15:48:03.274155+00:00') ON CONFLICT (id) DO NOTHING;
INSERT INTO public.product_variants (id, product_id, code, color, hex, image, thickness, width, sale_unit, sort_order, created_at) VALUES ('ed2895fa-66ea-4851-a511-347a4b18e8f0', '99b78221-58ec-47d1-b2c6-b68bf6e32469', 'TR26', '102U', '#F1ECD6', NULL, NULL, NULL, NULL, 25, '2026-06-11T15:48:03.274155+00:00') ON CONFLICT (id) DO NOTHING;
INSERT INTO public.product_variants (id, product_id, code, color, hex, image, thickness, width, sale_unit, sort_order, created_at) VALUES ('e4da2409-bbd6-4407-b079-7a6575a13d04', '99b78221-58ec-47d1-b2c6-b68bf6e32469', 'TR27', '583U', '#F1ECD6', NULL, NULL, NULL, NULL, 26, '2026-06-11T15:48:03.274155+00:00') ON CONFLICT (id) DO NOTHING;
INSERT INTO public.product_variants (id, product_id, code, color, hex, image, thickness, width, sale_unit, sort_order, created_at) VALUES ('cc1827f6-3e03-418f-97e9-7a616ddbcb6f', '99b78221-58ec-47d1-b2c6-b68bf6e32469', 'TR28', '559U', '#F1ECD6', NULL, NULL, NULL, NULL, 27, '2026-06-11T15:48:03.274155+00:00') ON CONFLICT (id) DO NOTHING;
INSERT INTO public.product_variants (id, product_id, code, color, hex, image, thickness, width, sale_unit, sort_order, created_at) VALUES ('1f271f65-362d-4476-bd03-7149214b28c5', '99b78221-58ec-47d1-b2c6-b68bf6e32469', 'TR29', '556U', '#F1ECD6', NULL, NULL, NULL, NULL, 28, '2026-06-11T15:48:03.274155+00:00') ON CONFLICT (id) DO NOTHING;
INSERT INTO public.product_variants (id, product_id, code, color, hex, image, thickness, width, sale_unit, sort_order, created_at) VALUES ('3d7c7f8e-1648-4348-91b5-2aa1beb32000', '99b78221-58ec-47d1-b2c6-b68bf6e32469', 'TR30', '550U', '#F1ECD6', NULL, NULL, NULL, NULL, 29, '2026-06-11T15:48:03.274155+00:00') ON CONFLICT (id) DO NOTHING;
INSERT INTO public.product_variants (id, product_id, code, color, hex, image, thickness, width, sale_unit, sort_order, created_at) VALUES ('7c096b07-2512-4503-841a-97fc0ecadfda', 'fcb1cadc-4bf1-4e4e-ad46-d84a53716b7e', '100-01', '100-01', '#8A8A8A', NULL, NULL, NULL, NULL, 0, '2026-06-11T15:48:03.507496+00:00') ON CONFLICT (id) DO NOTHING;
INSERT INTO public.product_variants (id, product_id, code, color, hex, image, thickness, width, sale_unit, sort_order, created_at) VALUES ('34feb857-4b1a-4a98-89fe-4ae08d4ef1b9', 'fcb1cadc-4bf1-4e4e-ad46-d84a53716b7e', '100-20', '100-20', '#8A8A8A', NULL, NULL, NULL, NULL, 1, '2026-06-11T15:48:03.507496+00:00') ON CONFLICT (id) DO NOTHING;
INSERT INTO public.product_variants (id, product_id, code, color, hex, image, thickness, width, sale_unit, sort_order, created_at) VALUES ('669e9cde-a4e5-4c28-b89d-d94a8986da86', 'fcb1cadc-4bf1-4e4e-ad46-d84a53716b7e', '100-25', '100-25', '#8A8A8A', NULL, NULL, NULL, NULL, 2, '2026-06-11T15:48:03.507496+00:00') ON CONFLICT (id) DO NOTHING;
INSERT INTO public.product_variants (id, product_id, code, color, hex, image, thickness, width, sale_unit, sort_order, created_at) VALUES ('e92546e3-a393-4a85-a13f-715ec1d877b9', 'fcb1cadc-4bf1-4e4e-ad46-d84a53716b7e', '100-34', '100-34', '#8A8A8A', NULL, NULL, NULL, NULL, 3, '2026-06-11T15:48:03.507496+00:00') ON CONFLICT (id) DO NOTHING;
INSERT INTO public.product_variants (id, product_id, code, color, hex, image, thickness, width, sale_unit, sort_order, created_at) VALUES ('8f74bc59-6cde-4961-a93a-0827fa73496d', 'fcb1cadc-4bf1-4e4e-ad46-d84a53716b7e', '100-36', '100-36', '#8A8A8A', NULL, NULL, NULL, NULL, 4, '2026-06-11T15:48:03.507496+00:00') ON CONFLICT (id) DO NOTHING;
INSERT INTO public.product_variants (id, product_id, code, color, hex, image, thickness, width, sale_unit, sort_order, created_at) VALUES ('5d24b310-baf5-4d79-9cd9-03601f9f4515', 'fcb1cadc-4bf1-4e4e-ad46-d84a53716b7e', '100-37', '100-37', '#8A8A8A', NULL, NULL, NULL, NULL, 5, '2026-06-11T15:48:03.507496+00:00') ON CONFLICT (id) DO NOTHING;
INSERT INTO public.product_variants (id, product_id, code, color, hex, image, thickness, width, sale_unit, sort_order, created_at) VALUES ('b2672544-42c8-45bc-adaa-3b01ef5208d0', 'fcb1cadc-4bf1-4e4e-ad46-d84a53716b7e', '100-50', '100-50', '#8A8A8A', NULL, NULL, NULL, NULL, 6, '2026-06-11T15:48:03.507496+00:00') ON CONFLICT (id) DO NOTHING;
INSERT INTO public.product_variants (id, product_id, code, color, hex, image, thickness, width, sale_unit, sort_order, created_at) VALUES ('46c0531a-a619-4287-b751-edeae831791e', 'fcb1cadc-4bf1-4e4e-ad46-d84a53716b7e', '100-54', '100-54', '#8A8A8A', NULL, NULL, NULL, NULL, 7, '2026-06-11T15:48:03.507496+00:00') ON CONFLICT (id) DO NOTHING;
INSERT INTO public.product_variants (id, product_id, code, color, hex, image, thickness, width, sale_unit, sort_order, created_at) VALUES ('52d3fbf5-31cd-4bfe-8377-ce8413915572', 'fcb1cadc-4bf1-4e4e-ad46-d84a53716b7e', '100-59', '100-59', '#8A8A8A', NULL, NULL, NULL, NULL, 8, '2026-06-11T15:48:03.507496+00:00') ON CONFLICT (id) DO NOTHING;
INSERT INTO public.product_variants (id, product_id, code, color, hex, image, thickness, width, sale_unit, sort_order, created_at) VALUES ('249edb4c-92a0-4412-8a3b-a114a8208505', 'fcb1cadc-4bf1-4e4e-ad46-d84a53716b7e', '100-72', '100-72', '#8A8A8A', NULL, NULL, NULL, NULL, 9, '2026-06-11T15:48:03.507496+00:00') ON CONFLICT (id) DO NOTHING;
INSERT INTO public.product_variants (id, product_id, code, color, hex, image, thickness, width, sale_unit, sort_order, created_at) VALUES ('ba505e9b-0683-4504-91ee-ea439c3d4861', 'fcb1cadc-4bf1-4e4e-ad46-d84a53716b7e', '100-73', '100-73', '#8A8A8A', NULL, NULL, NULL, NULL, 10, '2026-06-11T15:48:03.507496+00:00') ON CONFLICT (id) DO NOTHING;
INSERT INTO public.product_variants (id, product_id, code, color, hex, image, thickness, width, sale_unit, sort_order, created_at) VALUES ('d48a0067-23d0-45dd-8b45-e931b2fb6780', 'fcb1cadc-4bf1-4e4e-ad46-d84a53716b7e', '100-74', '100-74', '#8A8A8A', NULL, NULL, NULL, NULL, 11, '2026-06-11T15:48:03.507496+00:00') ON CONFLICT (id) DO NOTHING;
INSERT INTO public.product_variants (id, product_id, code, color, hex, image, thickness, width, sale_unit, sort_order, created_at) VALUES ('508e1f36-3396-49f1-816b-56eae5ae0e37', 'fcb1cadc-4bf1-4e4e-ad46-d84a53716b7e', '100-77', '100-77', '#8A8A8A', NULL, NULL, NULL, NULL, 12, '2026-06-11T15:48:03.507496+00:00') ON CONFLICT (id) DO NOTHING;
INSERT INTO public.product_variants (id, product_id, code, color, hex, image, thickness, width, sale_unit, sort_order, created_at) VALUES ('b9871538-5e52-49ab-a65d-965e38ae41f4', 'fcb1cadc-4bf1-4e4e-ad46-d84a53716b7e', '100-78', '100-78', '#8A8A8A', NULL, NULL, NULL, NULL, 13, '2026-06-11T15:48:03.507496+00:00') ON CONFLICT (id) DO NOTHING;
INSERT INTO public.product_variants (id, product_id, code, color, hex, image, thickness, width, sale_unit, sort_order, created_at) VALUES ('d21530b8-02e8-47c9-b24b-fbe2d1dd5cd5', '9a3afd91-091a-448c-af5f-841566b3cf69', '300-59', '300-59', '#8A8A8A', NULL, NULL, NULL, NULL, 0, '2026-06-11T15:48:03.732812+00:00') ON CONFLICT (id) DO NOTHING;
INSERT INTO public.product_variants (id, product_id, code, color, hex, image, thickness, width, sale_unit, sort_order, created_at) VALUES ('fd72027c-9b86-44b4-b638-df1153b84fa5', '9a3afd91-091a-448c-af5f-841566b3cf69', '300-72', '300-72', '#8A8A8A', NULL, NULL, NULL, NULL, 1, '2026-06-11T15:48:03.732812+00:00') ON CONFLICT (id) DO NOTHING;
INSERT INTO public.product_variants (id, product_id, code, color, hex, image, thickness, width, sale_unit, sort_order, created_at) VALUES ('83270f86-42f7-47d7-b355-a0f03e753e5f', '9a3afd91-091a-448c-af5f-841566b3cf69', '300-73', '300-73', '#8A8A8A', NULL, NULL, NULL, NULL, 2, '2026-06-11T15:48:03.732812+00:00') ON CONFLICT (id) DO NOTHING;
INSERT INTO public.product_variants (id, product_id, code, color, hex, image, thickness, width, sale_unit, sort_order, created_at) VALUES ('fd6c84f8-c4d5-4edd-9be2-50cfd058c3e4', '9a3afd91-091a-448c-af5f-841566b3cf69', '300-74', '300-74', '#8A8A8A', NULL, NULL, NULL, NULL, 3, '2026-06-11T15:48:03.732812+00:00') ON CONFLICT (id) DO NOTHING;
INSERT INTO public.product_variants (id, product_id, code, color, hex, image, thickness, width, sale_unit, sort_order, created_at) VALUES ('e56a0c6e-fd25-4447-ad79-25447c9617bb', '9a3afd91-091a-448c-af5f-841566b3cf69', '300-75', '300-75', '#8A8A8A', NULL, NULL, NULL, NULL, 4, '2026-06-11T15:48:03.732812+00:00') ON CONFLICT (id) DO NOTHING;
INSERT INTO public.product_variants (id, product_id, code, color, hex, image, thickness, width, sale_unit, sort_order, created_at) VALUES ('8c37aa70-01c0-4cc2-a076-2e50bb449e08', '9a3afd91-091a-448c-af5f-841566b3cf69', '300-76', '300-76', '#8A8A8A', NULL, NULL, NULL, NULL, 5, '2026-06-11T15:48:03.732812+00:00') ON CONFLICT (id) DO NOTHING;
INSERT INTO public.product_variants (id, product_id, code, color, hex, image, thickness, width, sale_unit, sort_order, created_at) VALUES ('8d8aa724-3639-4682-923f-5a06cc4d6538', '9a3afd91-091a-448c-af5f-841566b3cf69', '300-20', '300-20', '#8A8A8A', NULL, NULL, NULL, NULL, 6, '2026-06-11T15:48:03.732812+00:00') ON CONFLICT (id) DO NOTHING;
INSERT INTO public.product_variants (id, product_id, code, color, hex, image, thickness, width, sale_unit, sort_order, created_at) VALUES ('c2409c21-29e3-442d-9026-cb1987ed327a', '9a3afd91-091a-448c-af5f-841566b3cf69', '300-25', '300-25', '#8A8A8A', NULL, NULL, NULL, NULL, 7, '2026-06-11T15:48:03.732812+00:00') ON CONFLICT (id) DO NOTHING;
INSERT INTO public.product_variants (id, product_id, code, color, hex, image, thickness, width, sale_unit, sort_order, created_at) VALUES ('56c52e0d-6edc-414d-a65a-885a2acd00ef', '9a3afd91-091a-448c-af5f-841566b3cf69', '300-37', '300-37', '#8A8A8A', NULL, NULL, NULL, NULL, 8, '2026-06-11T15:48:03.732812+00:00') ON CONFLICT (id) DO NOTHING;
INSERT INTO public.product_variants (id, product_id, code, color, hex, image, thickness, width, sale_unit, sort_order, created_at) VALUES ('8b28c989-7f81-45f5-b2a8-bb149e481371', '9a3afd91-091a-448c-af5f-841566b3cf69', '300-51', '300-51', '#8A8A8A', NULL, NULL, NULL, NULL, 9, '2026-06-11T15:48:03.732812+00:00') ON CONFLICT (id) DO NOTHING;
INSERT INTO public.product_variants (id, product_id, code, color, hex, image, thickness, width, sale_unit, sort_order, created_at) VALUES ('5b3a809b-354c-4187-bb88-78ac4f93f1dc', '9a3afd91-091a-448c-af5f-841566b3cf69', '300-54', '300-54', '#8A8A8A', NULL, NULL, NULL, NULL, 10, '2026-06-11T15:48:03.732812+00:00') ON CONFLICT (id) DO NOTHING;
INSERT INTO public.product_variants (id, product_id, code, color, hex, image, thickness, width, sale_unit, sort_order, created_at) VALUES ('6bf4baab-347e-4c6d-8e71-70d52a8e5d59', '9a3afd91-091a-448c-af5f-841566b3cf69', '300-56', '300-56', '#8A8A8A', NULL, NULL, NULL, NULL, 11, '2026-06-11T15:48:03.732812+00:00') ON CONFLICT (id) DO NOTHING;
INSERT INTO public.product_variants (id, product_id, code, color, hex, image, thickness, width, sale_unit, sort_order, created_at) VALUES ('fb64e035-159f-4982-bf8c-b32dbf14197f', '4be34486-c0e3-4568-9112-1e02da130f84', 'JT01', 'Juta Aberta', '#C9A57A', NULL, NULL, NULL, NULL, 0, '2026-06-11T15:48:03.954123+00:00') ON CONFLICT (id) DO NOTHING;
INSERT INTO public.product_variants (id, product_id, code, color, hex, image, thickness, width, sale_unit, sort_order, created_at) VALUES ('83dd6b54-0e45-49fc-b84b-bef4e10648d2', '4be34486-c0e3-4568-9112-1e02da130f84', 'JT02', 'Juta Fechada', '#A1825B', NULL, NULL, NULL, NULL, 1, '2026-06-11T15:48:03.954123+00:00') ON CONFLICT (id) DO NOTHING;
INSERT INTO public.product_variants (id, product_id, code, color, hex, image, thickness, width, sale_unit, sort_order, created_at) VALUES ('4a0d74c8-7e2d-4166-8ae2-1f5426304a42', '4be34486-c0e3-4568-9112-1e02da130f84', 'JT03', 'Juta Fios Dourados', '#C9A227', NULL, NULL, NULL, NULL, 2, '2026-06-11T15:48:03.954123+00:00') ON CONFLICT (id) DO NOTHING;
INSERT INTO public.product_variants (id, product_id, code, color, hex, image, thickness, width, sale_unit, sort_order, created_at) VALUES ('3cfb36c2-5a73-4ad1-a374-6e487dd00c3c', '4be34486-c0e3-4568-9112-1e02da130f84', 'JT04', 'Juta Fios Prateados', '#BFC3C7', NULL, NULL, NULL, NULL, 3, '2026-06-11T15:48:03.954123+00:00') ON CONFLICT (id) DO NOTHING;
INSERT INTO public.product_variants (id, product_id, code, color, hex, image, thickness, width, sale_unit, sort_order, created_at) VALUES ('f8aacfca-0cfa-40b6-a546-c0ca247e2de3', '0431b7e0-0847-4659-8dae-594d4df5ad64', 'SUA01', 'Vermelho', '#C81E1E', NULL, NULL, NULL, NULL, 0, '2026-06-11T15:48:04.180189+00:00') ON CONFLICT (id) DO NOTHING;
INSERT INTO public.product_variants (id, product_id, code, color, hex, image, thickness, width, sale_unit, sort_order, created_at) VALUES ('c2327994-d7e6-4f83-8a6c-410e502a0b8d', '0431b7e0-0847-4659-8dae-594d4df5ad64', 'SUA02', 'Preto', '#111111', NULL, NULL, NULL, NULL, 1, '2026-06-11T15:48:04.180189+00:00') ON CONFLICT (id) DO NOTHING;
INSERT INTO public.product_variants (id, product_id, code, color, hex, image, thickness, width, sale_unit, sort_order, created_at) VALUES ('1c2764d4-f029-46ed-b96e-ef811d4f7e8f', '0431b7e0-0847-4659-8dae-594d4df5ad64', 'SUA03', 'Bege', '#C9A57A', NULL, NULL, NULL, NULL, 2, '2026-06-11T15:48:04.180189+00:00') ON CONFLICT (id) DO NOTHING;
INSERT INTO public.product_variants (id, product_id, code, color, hex, image, thickness, width, sale_unit, sort_order, created_at) VALUES ('caac8e9f-b271-4d93-a4d4-fdb2b595daec', '0431b7e0-0847-4659-8dae-594d4df5ad64', 'SUA04', 'Fendi', '#9C8866', NULL, NULL, NULL, NULL, 3, '2026-06-11T15:48:04.180189+00:00') ON CONFLICT (id) DO NOTHING;
INSERT INTO public.product_variants (id, product_id, code, color, hex, image, thickness, width, sale_unit, sort_order, created_at) VALUES ('e9a8d0a2-3aab-46e8-8e6f-7d591d102f0a', '0431b7e0-0847-4659-8dae-594d4df5ad64', 'SUA05', 'Bege Escuro', '#A1825B', NULL, NULL, NULL, NULL, 4, '2026-06-11T15:48:04.180189+00:00') ON CONFLICT (id) DO NOTHING;
INSERT INTO public.product_variants (id, product_id, code, color, hex, image, thickness, width, sale_unit, sort_order, created_at) VALUES ('19b1e504-dddc-4d89-9e20-34f6d50bdcc2', '8f812435-80cc-486d-a4dd-0eb972135101', 'SUL01', 'Marrom', '#5D3A1A', NULL, NULL, NULL, NULL, 0, '2026-06-11T15:48:04.40224+00:00') ON CONFLICT (id) DO NOTHING;
INSERT INTO public.product_variants (id, product_id, code, color, hex, image, thickness, width, sale_unit, sort_order, created_at) VALUES ('95a30dc9-36c0-4c33-91bf-13822d57004d', '8f812435-80cc-486d-a4dd-0eb972135101', 'SUL02', 'Verde Musgo', '#4A5D23', NULL, NULL, NULL, NULL, 1, '2026-06-11T15:48:04.40224+00:00') ON CONFLICT (id) DO NOTHING;
INSERT INTO public.product_variants (id, product_id, code, color, hex, image, thickness, width, sale_unit, sort_order, created_at) VALUES ('3e644871-ae1c-4a9b-94ba-0b3ce0977ecd', '8f812435-80cc-486d-a4dd-0eb972135101', 'SUL03', 'Bege', '#C9A57A', NULL, NULL, NULL, NULL, 2, '2026-06-11T15:48:04.40224+00:00') ON CONFLICT (id) DO NOTHING;
INSERT INTO public.product_variants (id, product_id, code, color, hex, image, thickness, width, sale_unit, sort_order, created_at) VALUES ('3e923949-57d2-4f1f-8141-5b4386f2960d', 'c157b4b9-58d9-4063-9954-3b8436d6c1bb', 'SUE01', 'Vermelho Riscos', '#6A1B9A', NULL, NULL, NULL, NULL, 0, '2026-06-11T15:48:04.623751+00:00') ON CONFLICT (id) DO NOTHING;
INSERT INTO public.product_variants (id, product_id, code, color, hex, image, thickness, width, sale_unit, sort_order, created_at) VALUES ('8afd8e4c-b747-4b52-ac0d-214a34b70cd9', 'c157b4b9-58d9-4063-9954-3b8436d6c1bb', 'SUE02', 'Listras Cinza', '#6A1B9A', NULL, NULL, NULL, NULL, 1, '2026-06-11T15:48:04.623751+00:00') ON CONFLICT (id) DO NOTHING;
INSERT INTO public.product_variants (id, product_id, code, color, hex, image, thickness, width, sale_unit, sort_order, created_at) VALUES ('16851a4f-aafa-4505-970c-d4b3211eb4ed', 'c157b4b9-58d9-4063-9954-3b8436d6c1bb', 'SUE03', 'Motivos Africanos', '#6A1B9A', NULL, NULL, NULL, NULL, 2, '2026-06-11T15:48:04.623751+00:00') ON CONFLICT (id) DO NOTHING;
INSERT INTO public.product_variants (id, product_id, code, color, hex, image, thickness, width, sale_unit, sort_order, created_at) VALUES ('0a23cf98-c674-47d7-8f45-551162e5175c', 'c157b4b9-58d9-4063-9954-3b8436d6c1bb', 'SUE04', 'Azul Riscos', '#6A1B9A', NULL, NULL, NULL, NULL, 3, '2026-06-11T15:48:04.623751+00:00') ON CONFLICT (id) DO NOTHING;
INSERT INTO public.product_variants (id, product_id, code, color, hex, image, thickness, width, sale_unit, sort_order, created_at) VALUES ('e5d4269d-9ffa-42fd-8c9c-20f3a043fa04', 'c157b4b9-58d9-4063-9954-3b8436d6c1bb', 'SUE05', 'Listras Roxo', '#6A1B9A', NULL, NULL, NULL, NULL, 4, '2026-06-11T15:48:04.623751+00:00') ON CONFLICT (id) DO NOTHING;
INSERT INTO public.product_variants (id, product_id, code, color, hex, image, thickness, width, sale_unit, sort_order, created_at) VALUES ('7c439c1f-530a-4d55-b4aa-3af5b47447de', 'c157b4b9-58d9-4063-9954-3b8436d6c1bb', 'SUE06', 'Roxo Molhado', '#6A1B9A', NULL, NULL, NULL, NULL, 5, '2026-06-11T15:48:04.623751+00:00') ON CONFLICT (id) DO NOTHING;
INSERT INTO public.product_variants (id, product_id, code, color, hex, image, thickness, width, sale_unit, sort_order, created_at) VALUES ('7290d0cd-641b-4dbe-be14-ee5efb44e187', 'c157b4b9-58d9-4063-9954-3b8436d6c1bb', 'SUE07', 'Flores Roxo', '#6A1B9A', NULL, NULL, NULL, NULL, 6, '2026-06-11T15:48:04.623751+00:00') ON CONFLICT (id) DO NOTHING;
INSERT INTO public.product_variants (id, product_id, code, color, hex, image, thickness, width, sale_unit, sort_order, created_at) VALUES ('3ed063d4-5b3e-4bed-a8bc-2eb09e86c962', '2d9d8902-5ae1-4bb6-9da4-050c53221967', 'FA01', 'Bege', '#C9A57A', NULL, NULL, NULL, NULL, 0, '2026-06-11T15:48:04.84597+00:00') ON CONFLICT (id) DO NOTHING;
INSERT INTO public.product_variants (id, product_id, code, color, hex, image, thickness, width, sale_unit, sort_order, created_at) VALUES ('7baf18d7-02e7-47cb-b23e-ec488d25cab9', '2d9d8902-5ae1-4bb6-9da4-050c53221967', 'FA02', 'Branco', '#F4F4F2', NULL, NULL, NULL, NULL, 1, '2026-06-11T15:48:04.84597+00:00') ON CONFLICT (id) DO NOTHING;
INSERT INTO public.product_variants (id, product_id, code, color, hex, image, thickness, width, sale_unit, sort_order, created_at) VALUES ('e4a93965-dd88-4847-be81-ea9f4b526f28', '48856def-6b89-4efb-8ab4-4eeb72ecbb8a', 'PG01', 'Bege', '#C9A57A', NULL, NULL, NULL, NULL, 0, '2026-06-11T15:48:05.071125+00:00') ON CONFLICT (id) DO NOTHING;
INSERT INTO public.product_variants (id, product_id, code, color, hex, image, thickness, width, sale_unit, sort_order, created_at) VALUES ('6d634574-a628-4507-8739-0230e68aba0a', '48856def-6b89-4efb-8ab4-4eeb72ecbb8a', 'PG02', 'Branca', '#F4F4F2', NULL, NULL, NULL, NULL, 1, '2026-06-11T15:48:05.071125+00:00') ON CONFLICT (id) DO NOTHING;
INSERT INTO public.product_variants (id, product_id, code, color, hex, image, thickness, width, sale_unit, sort_order, created_at) VALUES ('71dc9d01-a97e-4d2d-adfb-49631f038af2', '48856def-6b89-4efb-8ab4-4eeb72ecbb8a', 'PG03', 'Gel Bege', '#EFE3CB', NULL, NULL, NULL, NULL, 2, '2026-06-11T15:48:05.071125+00:00') ON CONFLICT (id) DO NOTHING;

-- Product Images (20 rows)
INSERT INTO public.product_images (id, product_id, url, kind, caption, sort_order, created_at) VALUES ('58cf25b6-160a-4ed3-8371-3f3389c43128', '07e41cbc-31de-4136-9f59-ee27b4f64020', 'https://images.unsplash.com/photo-1533090161767-e6ffed986c88?auto=format&fit=crop&w=600&q=80', 'application', 'Entrada residencial acolhedora', 0, '2026-06-11T15:47:55.856892+00:00') ON CONFLICT (id) DO NOTHING;
INSERT INTO public.product_images (id, product_id, url, kind, caption, sort_order, created_at) VALUES ('6b00677e-f835-4f72-ba29-d0cb379f8022', '07e41cbc-31de-4136-9f59-ee27b4f64020', 'https://images.unsplash.com/photo-1497215728101-856f4ea42174?auto=format&fit=crop&w=600&q=80', 'application', 'Recepção de escritório', 1, '2026-06-11T15:47:55.856892+00:00') ON CONFLICT (id) DO NOTHING;
INSERT INTO public.product_images (id, product_id, url, kind, caption, sort_order, created_at) VALUES ('efad8fde-21df-49dd-b6d1-0ad08dd81f4f', '07e41cbc-31de-4136-9f59-ee27b4f64020', 'https://images.unsplash.com/photo-1556742049-0cfed4f6a45d?auto=format&fit=crop&w=600&q=80', 'application', 'Entrada de comércio', 2, '2026-06-11T15:47:55.856892+00:00') ON CONFLICT (id) DO NOTHING;
INSERT INTO public.product_images (id, product_id, url, kind, caption, sort_order, created_at) VALUES ('a21ddfa6-9545-4938-b47c-51390ab9a1b8', '07e41cbc-31de-4136-9f59-ee27b4f64020', 'https://images.unsplash.com/photo-1564013799919-ab600027ffc6?auto=format&fit=crop&w=600&q=80', 'application', 'Varanda decorada', 3, '2026-06-11T15:47:55.856892+00:00') ON CONFLICT (id) DO NOTHING;
INSERT INTO public.product_images (id, product_id, url, kind, caption, sort_order, created_at) VALUES ('144ea72b-a750-4888-8d67-f1a7b3402742', 'bd029d71-28b7-4c73-b7db-994a5aa5b063', 'https://images.unsplash.com/photo-1478147427282-58a87a120781?auto=format&fit=crop&w=600&q=80', 'application', 'Mesa de festa com toalha de bagum', 0, '2026-06-11T15:47:56.201197+00:00') ON CONFLICT (id) DO NOTHING;
INSERT INTO public.product_images (id, product_id, url, kind, caption, sort_order, created_at) VALUES ('41c17d49-9b7b-4db5-ba58-fbbba0428f01', 'bd029d71-28b7-4c73-b7db-994a5aa5b063', 'https://images.unsplash.com/photo-1511795409834-ef04bbd61622?auto=format&fit=crop&w=600&q=80', 'application', 'Evento corporativo', 1, '2026-06-11T15:47:56.201197+00:00') ON CONFLICT (id) DO NOTHING;
INSERT INTO public.product_images (id, product_id, url, kind, caption, sort_order, created_at) VALUES ('c356381c-a687-459a-9186-1c3b771ab819', 'bd029d71-28b7-4c73-b7db-994a5aa5b063', 'https://images.unsplash.com/photo-1564013799919-ab600027ffc6?auto=format&fit=crop&w=600&q=80', 'application', 'Área gourmet', 2, '2026-06-11T15:47:56.201197+00:00') ON CONFLICT (id) DO NOTHING;
INSERT INTO public.product_images (id, product_id, url, kind, caption, sort_order, created_at) VALUES ('a4ec88bd-9250-44cc-a51d-3b857b1a3a9d', 'bd029d71-28b7-4c73-b7db-994a5aa5b063', 'https://images.unsplash.com/photo-1624969862644-791f3dc98927?auto=format&fit=crop&w=600&q=80', 'application', 'Superfície protegida', 3, '2026-06-11T15:47:56.201197+00:00') ON CONFLICT (id) DO NOTHING;
INSERT INTO public.product_images (id, product_id, url, kind, caption, sort_order, created_at) VALUES ('fc8f738c-d501-4f6a-b84b-cf27c2a7d5a2', '4272e4cd-e236-4762-823a-183570bab705', 'https://images.unsplash.com/photo-1555041469-a586c61ea9bc?auto=format&fit=crop&w=600&q=80', 'application', 'Sofá contemporâneo', 0, '2026-06-11T15:47:56.542786+00:00') ON CONFLICT (id) DO NOTHING;
INSERT INTO public.product_images (id, product_id, url, kind, caption, sort_order, created_at) VALUES ('17b52bac-0124-415d-8e4f-72a7dbdea968', '4272e4cd-e236-4762-823a-183570bab705', 'https://images.unsplash.com/photo-1598300042247-d088f8ab3a91?auto=format&fit=crop&w=600&q=80', 'application', 'Poltrona clássica', 1, '2026-06-11T15:47:56.542786+00:00') ON CONFLICT (id) DO NOTHING;
INSERT INTO public.product_images (id, product_id, url, kind, caption, sort_order, created_at) VALUES ('a92aa494-c400-4d54-a325-f6581bbab524', '4272e4cd-e236-4762-823a-183570bab705', 'https://images.unsplash.com/photo-1505693416388-ac5ce068fe85?auto=format&fit=crop&w=600&q=80', 'application', 'Cabeceira estofada', 2, '2026-06-11T15:47:56.542786+00:00') ON CONFLICT (id) DO NOTHING;
INSERT INTO public.product_images (id, product_id, url, kind, caption, sort_order, created_at) VALUES ('d67c557a-e3ec-41a5-b1b6-38b55688cb60', '4272e4cd-e236-4762-823a-183570bab705', 'https://images.unsplash.com/photo-1533090161767-e6ffed986c88?auto=format&fit=crop&w=600&q=80', 'application', 'Painel decorativo', 3, '2026-06-11T15:47:56.542786+00:00') ON CONFLICT (id) DO NOTHING;
INSERT INTO public.product_images (id, product_id, url, kind, caption, sort_order, created_at) VALUES ('a32ac2c6-7fdf-405a-b70d-6f5653a4c3d0', 'a9449dc3-6ba3-4c92-a48a-38d2824ad7d8', 'https://images.unsplash.com/photo-1598300042247-d088f8ab3a91?auto=format&fit=crop&w=600&q=80', 'application', 'Poltrona em napa', 0, '2026-06-11T15:47:56.87682+00:00') ON CONFLICT (id) DO NOTHING;
INSERT INTO public.product_images (id, product_id, url, kind, caption, sort_order, created_at) VALUES ('8b107e67-e9bb-48fa-90c4-6c46d217ef06', 'a9449dc3-6ba3-4c92-a48a-38d2824ad7d8', 'https://images.unsplash.com/photo-1555041469-a586c61ea9bc?auto=format&fit=crop&w=600&q=80', 'application', 'Sofá moderno', 1, '2026-06-11T15:47:56.87682+00:00') ON CONFLICT (id) DO NOTHING;
INSERT INTO public.product_images (id, product_id, url, kind, caption, sort_order, created_at) VALUES ('b91e87b0-845c-49ea-824b-2737028a87d7', 'a9449dc3-6ba3-4c92-a48a-38d2824ad7d8', 'https://images.unsplash.com/photo-1505693416388-ac5ce068fe85?auto=format&fit=crop&w=600&q=80', 'application', 'Cabeceira estofada', 2, '2026-06-11T15:47:56.87682+00:00') ON CONFLICT (id) DO NOTHING;
INSERT INTO public.product_images (id, product_id, url, kind, caption, sort_order, created_at) VALUES ('1675e366-92cc-4302-ba4e-b274b09d6ff2', 'a9449dc3-6ba3-4c92-a48a-38d2824ad7d8', 'https://images.unsplash.com/photo-1533090161767-e6ffed986c88?auto=format&fit=crop&w=600&q=80', 'application', 'Cadeira comercial', 3, '2026-06-11T15:47:56.87682+00:00') ON CONFLICT (id) DO NOTHING;
INSERT INTO public.product_images (id, product_id, url, kind, caption, sort_order, created_at) VALUES ('5fb1e81f-b31a-41f0-aeaf-04fd8f67e8d7', '532db2d3-f6b7-452e-a27c-02fc81488fed', 'https://images.unsplash.com/photo-1416879595882-3373a0480b5b?auto=format&fit=crop&w=600&q=80', 'application', 'Jardim residencial', 0, '2026-06-11T15:47:57.435049+00:00') ON CONFLICT (id) DO NOTHING;
INSERT INTO public.product_images (id, product_id, url, kind, caption, sort_order, created_at) VALUES ('2684f669-61dc-40d5-98bb-48e2890615ac', '532db2d3-f6b7-452e-a27c-02fc81488fed', 'https://images.unsplash.com/photo-1558618666-fcd25c85cd64?auto=format&fit=crop&w=600&q=80', 'application', 'Área de playground', 1, '2026-06-11T15:47:57.435049+00:00') ON CONFLICT (id) DO NOTHING;
INSERT INTO public.product_images (id, product_id, url, kind, caption, sort_order, created_at) VALUES ('42a5db50-8282-420e-9986-7d553f37077a', '532db2d3-f6b7-452e-a27c-02fc81488fed', 'https://images.unsplash.com/photo-1564013799919-ab600027ffc6?auto=format&fit=crop&w=600&q=80', 'application', 'Ambientação de eventos', 2, '2026-06-11T15:47:57.435049+00:00') ON CONFLICT (id) DO NOTHING;
INSERT INTO public.product_images (id, product_id, url, kind, caption, sort_order, created_at) VALUES ('e7ffb36f-84ee-498d-88f0-f2ba405cf8c9', '532db2d3-f6b7-452e-a27c-02fc81488fed', 'https://images.unsplash.com/photo-1556909114-f6e7ad7d3136?auto=format&fit=crop&w=600&q=80', 'application', 'Vitrine comercial', 3, '2026-06-11T15:47:57.435049+00:00') ON CONFLICT (id) DO NOTHING;

-- Site Settings (1 rows)
INSERT INTO public.site_settings (key, value, updated_at) VALUES ('contact', '{"name":"Marcio Alegre","email":"contato@marcioalegre.com.br","hours":"Segunda a Sábado, 08:00 às 17:00","address":"Av. Rangel Pestana, 1563 — São Paulo / SP","tagline":"Plásticos, Revestimentos & Decoração","facebook":"","whatsapp":"5511947610083","instagram":"","mapsQuery":"Av. Rangel Pestana, 1563, São Paulo","whatsappDisplay":"(11) 94761-0083"}'::jsonb, '2026-06-11T15:45:38.839672+00:00') ON CONFLICT (key) DO UPDATE SET value = EXCLUDED.value, updated_at = EXCLUDED.updated_at;
